"REPORTING_PERIOD_START","REPORTING_PERIOD_END","STATUS","BREAKDOWN","PRIMARY_LEVEL","PRIMARY_LEVEL_DESCRIPTION","SECONDARY_LEVEL","SECONDARY_LEVEL_DESCRIPTION","MEASURE_ID","MEASURE_NAME","MEASURE_VALUE","_demo_source","_synthetic"
"01/04/2026","30/04/2026","Performance","Sub ICB - GP Practice or Residence; Provider","03N","NHS SOUTH YORKSHIRE ICB - 03N","RDY","DORSET HEALTHCARE UNIVERSITY NHS FOUNDATION TRUST","MHS69","The number of children and young people, regardless of when their referral started, receiving at least two contacts (including indirect contacts) and where their first contact occurs before their 18th birthday","*","mhsds_monthly",FALSE
"01/04/2026","30/04/2026","Performance","Sub ICB - GP Practice or Residence; Provider","10R","NHS HAMPSHIRE AND ISLE OF WIGHT ICB - 10R","RDY","DORSET HEALTHCARE UNIVERSITY NHS FOUNDATION TRUST","MHS69","The number of children and young people, regardless of when their referral started, receiving at least two contacts (including indirect contacts) and where their first contact occurs before their 18th birthday","*","mhsds_monthly",FALSE
"01/04/2026","30/04/2026","Performance","Sub ICB - GP Practice or Residence; Provider","11J","NHS DORSET ICB - 11J","RDY","DORSET HEALTHCARE UNIVERSITY NHS FOUNDATION TRUST","MHS69","The number of children and young people, regardless of when their referral started, receiving at least two contacts (including indirect contacts) and where their first contact occurs before their 18th birthday","1495","mhsds_monthly",FALSE
"01/04/2026","30/04/2026","Performance","Sub ICB - GP Practice or Residence; Provider","11X","NHS SOMERSET ICB - 11X","RDY","DORSET HEALTHCARE UNIVERSITY NHS FOUNDATION TRUST","MHS69","The number of children and young people, regardless of when their referral started, receiving at least two contacts (including indirect contacts) and where their first contact occurs before their 18th birthday","*","mhsds_monthly",FALSE
"01/04/2026","30/04/2026","Performance","Sub ICB - GP Practice or Residence; Provider","91Q","NHS KENT AND MEDWAY ICB - 91Q","RDY","DORSET HEALTHCARE UNIVERSITY NHS FOUNDATION TRUST","MHS69","The number of children and young people, regardless of when their referral started, receiving at least two contacts (including indirect contacts) and where their first contact occurs before their 18th birthday","*","mhsds_monthly",FALSE
"01/04/2026","30/04/2026","Performance","Sub ICB - GP Practice or Residence; Provider","92G","NHS BATH AND NORTH EAST SOMERSET, SWINDON AND WILTSHIRE ICB - 92G","RDY","DORSET HEALTHCARE UNIVERSITY NHS FOUNDATION TRUST","MHS69","The number of children and young people, regardless of when their referral started, receiving at least two contacts (including indirect contacts) and where their first contact occurs before their 18th birthday","*","mhsds_monthly",FALSE
"01/04/2026","30/04/2026","Performance","Sub ICB - GP Practice or Residence; Provider","97R","NHS SURREY AND SUSSEX ICB - 97R","RDY","DORSET HEALTHCARE UNIVERSITY NHS FOUNDATION TRUST","MHS69","The number of children and young people, regardless of when their referral started, receiving at least two contacts (including indirect contacts) and where their first contact occurs before their 18th birthday","*","mhsds_monthly",FALSE
"01/04/2026","30/04/2026","Performance","Sub ICB - GP Practice or Residence; Provider","D9Y0V","NHS HAMPSHIRE AND ISLE OF WIGHT ICB - D9Y0V","RDY","DORSET HEALTHCARE UNIVERSITY NHS FOUNDATION TRUST","MHS69","The number of children and young people, regardless of when their referral started, receiving at least two contacts (including indirect contacts) and where their first contact occurs before their 18th birthday","*","mhsds_monthly",FALSE
"01/04/2026","30/04/2026","Performance","Sub ICB - GP Practice or Residence; Provider","UNKNOWN","UNKNOWN","RDY","DORSET HEALTHCARE UNIVERSITY NHS FOUNDATION TRUST","MHS69","The number of children and young people, regardless of when their referral started, receiving at least two contacts (including indirect contacts) and where their first contact occurs before their 18th birthday","*","mhsds_monthly",FALSE
"01/04/2026","30/04/2026","Performance","Provider; Referral Source","RDY","DORSET HEALTHCARE UNIVERSITY NHS FOUNDATION TRUST","A","Primary Health Care","MHS32a","Referrals starting in RP, aged 0 to 18","175","mhsds_monthly",FALSE
"01/04/2026","30/04/2026","Performance","Provider; Referral Source","RDY","DORSET HEALTHCARE UNIVERSITY NHS FOUNDATION TRUST","B","Self Referral","MHS32a","Referrals starting in RP, aged 0 to 18","65","mhsds_monthly",FALSE
"01/04/2026","30/04/2026","Performance","Provider; Referral Source","RDY","DORSET HEALTHCARE UNIVERSITY NHS FOUNDATION TRUST","C","Local Authority Services","MHS32a","Referrals starting in RP, aged 0 to 18","185","mhsds_monthly",FALSE
"01/04/2026","30/04/2026","Performance","Provider; Referral Source","RDY","DORSET HEALTHCARE UNIVERSITY NHS FOUNDATION TRUST","D","Employer","MHS32a","Referrals starting in RP, aged 0 to 18","*","mhsds_monthly",FALSE
"01/04/2026","30/04/2026","Performance","Provider; Referral Source","RDY","DORSET HEALTHCARE UNIVERSITY NHS FOUNDATION TRUST","E","Justice System","MHS32a","Referrals starting in RP, aged 0 to 18","30","mhsds_monthly",FALSE
"01/04/2026","30/04/2026","Performance","Provider; Referral Source","RDY","DORSET HEALTHCARE UNIVERSITY NHS FOUNDATION TRUST","F","Child Health","MHS32a","Referrals starting in RP, aged 0 to 18","25","mhsds_monthly",FALSE
"01/04/2026","30/04/2026","Performance","Provider; Referral Source","RDY","DORSET HEALTHCARE UNIVERSITY NHS FOUNDATION TRUST","G","Independent/Voluntary Sector","MHS32a","Referrals starting in RP, aged 0 to 18","*","mhsds_monthly",FALSE
"01/04/2026","30/04/2026","Performance","Provider; Referral Source","RDY","DORSET HEALTHCARE UNIVERSITY NHS FOUNDATION TRUST","H","Acute Secondary Care","MHS32a","Referrals starting in RP, aged 0 to 18","85","mhsds_monthly",FALSE
"01/04/2026","30/04/2026","Performance","Provider; Referral Source","RDY","DORSET HEALTHCARE UNIVERSITY NHS FOUNDATION TRUST","I","Transfer from another Mental Health Service","MHS32a","Referrals starting in RP, aged 0 to 18","*","mhsds_monthly",FALSE
"01/04/2026","30/04/2026","Performance","Provider; Referral Source","RDY","DORSET HEALTHCARE UNIVERSITY NHS FOUNDATION TRUST","Invalid","Invalid","MHS32a","Referrals starting in RP, aged 0 to 18","*","mhsds_monthly",FALSE
"01/04/2026","30/04/2026","Performance","Provider; Referral Source","RDY","DORSET HEALTHCARE UNIVERSITY NHS FOUNDATION TRUST","J","Internal referrals  from Community Mental Health Team (within own NHS Trust)","MHS32a","Referrals starting in RP, aged 0 to 18","*","mhsds_monthly",FALSE
"01/04/2026","30/04/2026","Performance","Provider; Referral Source","RDY","DORSET HEALTHCARE UNIVERSITY NHS FOUNDATION TRUST","K","Internal referrals from Inpatient Service (within own NHS Trust)","MHS32a","Referrals starting in RP, aged 0 to 18","*","mhsds_monthly",FALSE
"01/04/2026","30/04/2026","Performance","Provider; Referral Source","RDY","DORSET HEALTHCARE UNIVERSITY NHS FOUNDATION TRUST","L","Transfer by graduation (within own NHS Trust)","MHS32a","Referrals starting in RP, aged 0 to 18","*","mhsds_monthly",FALSE
"01/04/2026","30/04/2026","Performance","Provider; Referral Source","RDY","DORSET HEALTHCARE UNIVERSITY NHS FOUNDATION TRUST","M","Other","MHS32a","Referrals starting in RP, aged 0 to 18","25","mhsds_monthly",FALSE
"01/04/2026","30/04/2026","Performance","Provider; Referral Source","RDY","DORSET HEALTHCARE UNIVERSITY NHS FOUNDATION TRUST","Missing","Missing","MHS32a","Referrals starting in RP, aged 0 to 18","*","mhsds_monthly",FALSE
"01/04/2026","30/04/2026","Performance","Provider; Referral Source","RDY","DORSET HEALTHCARE UNIVERSITY NHS FOUNDATION TRUST","N","Improving access to psychological therapies","MHS32a","Referrals starting in RP, aged 0 to 18","*","mhsds_monthly",FALSE
"01/04/2026","30/04/2026","Performance","Provider; Referral Source","RDY","DORSET HEALTHCARE UNIVERSITY NHS FOUNDATION TRUST","P","Internal","MHS32a","Referrals starting in RP, aged 0 to 18","155","mhsds_monthly",FALSE
"01/04/2026","30/04/2026","Performance","Provider; Referral Source","RDY","DORSET HEALTHCARE UNIVERSITY NHS FOUNDATION TRUST","Q","Drop-in Services","MHS32a","Referrals starting in RP, aged 0 to 18","*","mhsds_monthly",FALSE
"01/04/2026","30/04/2026","Performance","Provider; ConsMechanismMH","RDY","DORSET HEALTHCARE UNIVERSITY NHS FOUNDATION TRUST","1","Face to face","MHS30a","Attended contacts with perinatal MH team in Reporting Period","370","mhsds_monthly",FALSE
"01/04/2026","30/04/2026","Performance","Provider; ConsMechanismMH","RDY","DORSET HEALTHCARE UNIVERSITY NHS FOUNDATION TRUST","1","Face to face","MHS30e","Attended contacts in the RP, 0 to 18, by consultation medium","3505","mhsds_monthly",FALSE
"01/04/2026","30/04/2026","Performance","Provider; ConsMechanismMH","RDY","DORSET HEALTHCARE UNIVERSITY NHS FOUNDATION TRUST","1","Face to face","MHS30f","Attended contacts in the RP with community mental health services for adult and older adults with severe mental illness","9255","mhsds_monthly",FALSE
"01/04/2026","30/04/2026","Performance","Provider; ConsMechanismMH","RDY","DORSET HEALTHCARE UNIVERSITY NHS FOUNDATION TRUST","1","Face to face","MHS30h","Attended contacts in the RP by consultation medium","14935","mhsds_monthly",FALSE
"01/04/2026","30/04/2026","Performance","Provider; ConsMechanismMH","RDY","DORSET HEALTHCARE UNIVERSITY NHS FOUNDATION TRUST","1","Face to face","MHS61b","First attended contacts for referrals open in the RP, aged 0 to 18, by consultation medium","195","mhsds_monthly",FALSE
"01/04/2026","30/04/2026","Performance","Provider; ConsMechanismMH","RDY","DORSET HEALTHCARE UNIVERSITY NHS FOUNDATION TRUST","2","Telephone","MHS30a","Attended contacts with perinatal MH team in Reporting Period","90","mhsds_monthly",FALSE
"01/04/2026","30/04/2026","Performance","Provider; ConsMechanismMH","RDY","DORSET HEALTHCARE UNIVERSITY NHS FOUNDATION TRUST","2","Telephone","MHS30e","Attended contacts in the RP, 0 to 18, by consultation medium","1105","mhsds_monthly",FALSE
"01/04/2026","30/04/2026","Performance","Provider; ConsMechanismMH","RDY","DORSET HEALTHCARE UNIVERSITY NHS FOUNDATION TRUST","2","Telephone","MHS30f","Attended contacts in the RP with community mental health services for adult and older adults with severe mental illness","2385","mhsds_monthly",FALSE
"01/04/2026","30/04/2026","Performance","Provider; ConsMechanismMH","RDY","DORSET HEALTHCARE UNIVERSITY NHS FOUNDATION TRUST","2","Telephone","MHS30h","Attended contacts in the RP by consultation medium","3575","mhsds_monthly",FALSE
"01/04/2026","30/04/2026","Performance","Provider; ConsMechanismMH","RDY","DORSET HEALTHCARE UNIVERSITY NHS FOUNDATION TRUST","2","Telephone","MHS61b","First attended contacts for referrals open in the RP, aged 0 to 18, by consultation medium","160","mhsds_monthly",FALSE
"01/04/2026","30/04/2026","Performance","Provider; ConsMechanismMH","RDY","DORSET HEALTHCARE UNIVERSITY NHS FOUNDATION TRUST","4","Talk type for a person unable to speak","MHS30a","Attended contacts with perinatal MH team in Reporting Period","*","mhsds_monthly",FALSE
"01/04/2026","30/04/2026","Performance","Provider; ConsMechanismMH","RDY","DORSET HEALTHCARE UNIVERSITY NHS FOUNDATION TRUST","4","Talk type for a person unable to speak","MHS30e","Attended contacts in the RP, 0 to 18, by consultation medium","*","mhsds_monthly",FALSE
"01/04/2026","30/04/2026","Performance","Provider; ConsMechanismMH","RDY","DORSET HEALTHCARE UNIVERSITY NHS FOUNDATION TRUST","4","Talk type for a person unable to speak","MHS30f","Attended contacts in the RP with community mental health services for adult and older adults with severe mental illness","*","mhsds_monthly",FALSE
"01/04/2026","30/04/2026","Performance","Provider; ConsMechanismMH","RDY","DORSET HEALTHCARE UNIVERSITY NHS FOUNDATION TRUST","4","Talk type for a person unable to speak","MHS30h","Attended contacts in the RP by consultation medium","*","mhsds_monthly",FALSE
"01/04/2026","30/04/2026","Performance","Provider; ConsMechanismMH","RDY","DORSET HEALTHCARE UNIVERSITY NHS FOUNDATION TRUST","4","Talk type for a person unable to speak","MHS61b","First attended contacts for referrals open in the RP, aged 0 to 18, by consultation medium","*","mhsds_monthly",FALSE
"01/04/2026","30/04/2026","Performance","Provider; ConsMechanismMH","RDY","DORSET HEALTHCARE UNIVERSITY NHS FOUNDATION TRUST","5","Email","MHS30a","Attended contacts with perinatal MH team in Reporting Period","*","mhsds_monthly",FALSE
"01/04/2026","30/04/2026","Performance","Provider; ConsMechanismMH","RDY","DORSET HEALTHCARE UNIVERSITY NHS FOUNDATION TRUST","5","Email","MHS30e","Attended contacts in the RP, 0 to 18, by consultation medium","40","mhsds_monthly",FALSE
"01/04/2026","30/04/2026","Performance","Provider; ConsMechanismMH","RDY","DORSET HEALTHCARE UNIVERSITY NHS FOUNDATION TRUST","5","Email","MHS30f","Attended contacts in the RP with community mental health services for adult and older adults with severe mental illness","35","mhsds_monthly",FALSE
"01/04/2026","30/04/2026","Performance","Provider; ConsMechanismMH","RDY","DORSET HEALTHCARE UNIVERSITY NHS FOUNDATION TRUST","5","Email","MHS30h","Attended contacts in the RP by consultation medium","60","mhsds_monthly",FALSE
"01/04/2026","30/04/2026","Performance","Provider; ConsMechanismMH","RDY","DORSET HEALTHCARE UNIVERSITY NHS FOUNDATION TRUST","5","Email","MHS61b","First attended contacts for referrals open in the RP, aged 0 to 18, by consultation medium","*","mhsds_monthly",FALSE
"01/04/2026","30/04/2026","Performance","Provider; ConsMechanismMH","RDY","DORSET HEALTHCARE UNIVERSITY NHS FOUNDATION TRUST","9","Text Message (Asynchronous)","MHS30a","Attended contacts with perinatal MH team in Reporting Period","*","mhsds_monthly",FALSE
"01/04/2026","30/04/2026","Performance","Provider; ConsMechanismMH","RDY","DORSET HEALTHCARE UNIVERSITY NHS FOUNDATION TRUST","9","Text Message (Asynchronous)","MHS30e","Attended contacts in the RP, 0 to 18, by consultation medium","35","mhsds_monthly",FALSE
"01/04/2026","30/04/2026","Performance","Provider; ConsMechanismMH","RDY","DORSET HEALTHCARE UNIVERSITY NHS FOUNDATION TRUST","9","Text Message (Asynchronous)","MHS30f","Attended contacts in the RP with community mental health services for adult and older adults with severe mental illness","65","mhsds_monthly",FALSE
"01/04/2026","30/04/2026","Performance","Provider; ConsMechanismMH","RDY","DORSET HEALTHCARE UNIVERSITY NHS FOUNDATION TRUST","9","Text Message (Asynchronous)","MHS30h","Attended contacts in the RP by consultation medium","105","mhsds_monthly",FALSE
"01/04/2026","30/04/2026","Performance","Provider; ConsMechanismMH","RDY","DORSET HEALTHCARE UNIVERSITY NHS FOUNDATION TRUST","9","Text Message (Asynchronous)","MHS61b","First attended contacts for referrals open in the RP, aged 0 to 18, by consultation medium","*","mhsds_monthly",FALSE
"01/04/2026","30/04/2026","Performance","Provider; ConsMechanismMH","RDY","DORSET HEALTHCARE UNIVERSITY NHS FOUNDATION TRUST","10","Instant messaging (Synchronous)","MHS30a","Attended contacts with perinatal MH team in Reporting Period","*","mhsds_monthly",FALSE
"01/04/2026","30/04/2026","Performance","Provider; ConsMechanismMH","RDY","DORSET HEALTHCARE UNIVERSITY NHS FOUNDATION TRUST","10","Instant messaging (Synchronous)","MHS30e","Attended contacts in the RP, 0 to 18, by consultation medium","*","mhsds_monthly",FALSE
"01/04/2026","30/04/2026","Performance","Provider; ConsMechanismMH","RDY","DORSET HEALTHCARE UNIVERSITY NHS FOUNDATION TRUST","10","Instant messaging (Synchronous)","MHS30f","Attended contacts in the RP with community mental health services for adult and older adults with severe mental illness","*","mhsds_monthly",FALSE
"01/04/2026","30/04/2026","Performance","Provider; ConsMechanismMH","RDY","DORSET HEALTHCARE UNIVERSITY NHS FOUNDATION TRUST","10","Instant messaging (Synchronous)","MHS30h","Attended contacts in the RP by consultation medium","*","mhsds_monthly",FALSE
"01/04/2026","30/04/2026","Performance","Provider; ConsMechanismMH","RDY","DORSET HEALTHCARE UNIVERSITY NHS FOUNDATION TRUST","10","Instant messaging (Synchronous)","MHS61b","First attended contacts for referrals open in the RP, aged 0 to 18, by consultation medium","*","mhsds_monthly",FALSE
"01/04/2026","30/04/2026","Performance","Provider; ConsMechanismMH","RDY","DORSET HEALTHCARE UNIVERSITY NHS FOUNDATION TRUST","11","Video consultation","MHS30a","Attended contacts with perinatal MH team in Reporting Period","40","mhsds_monthly",FALSE
"01/04/2026","30/04/2026","Performance","Provider; ConsMechanismMH","RDY","DORSET HEALTHCARE UNIVERSITY NHS FOUNDATION TRUST","11","Video consultation","MHS30e","Attended contacts in the RP, 0 to 18, by consultation medium","925","mhsds_monthly",FALSE
"01/04/2026","30/04/2026","Performance","Provider; ConsMechanismMH","RDY","DORSET HEALTHCARE UNIVERSITY NHS FOUNDATION TRUST","11","Video consultation","MHS30f","Attended contacts in the RP with community mental health services for adult and older adults with severe mental illness","1025","mhsds_monthly",FALSE
"01/04/2026","30/04/2026","Performance","Provider; ConsMechanismMH","RDY","DORSET HEALTHCARE UNIVERSITY NHS FOUNDATION TRUST","11","Video consultation","MHS30h","Attended contacts in the RP by consultation medium","1535","mhsds_monthly",FALSE
"01/04/2026","30/04/2026","Performance","Provider; ConsMechanismMH","RDY","DORSET HEALTHCARE UNIVERSITY NHS FOUNDATION TRUST","11","Video consultation","MHS61b","First attended contacts for referrals open in the RP, aged 0 to 18, by consultation medium","235","mhsds_monthly",FALSE
"01/04/2026","30/04/2026","Performance","Provider; ConsMechanismMH","RDY","DORSET HEALTHCARE UNIVERSITY NHS FOUNDATION TRUST","12","Message Board (Asynchronous)","MHS30a","Attended contacts with perinatal MH team in Reporting Period","*","mhsds_monthly",FALSE
"01/04/2026","30/04/2026","Performance","Provider; ConsMechanismMH","RDY","DORSET HEALTHCARE UNIVERSITY NHS FOUNDATION TRUST","12","Message Board (Asynchronous)","MHS30e","Attended contacts in the RP, 0 to 18, by consultation medium","*","mhsds_monthly",FALSE
"01/04/2026","30/04/2026","Performance","Provider; ConsMechanismMH","RDY","DORSET HEALTHCARE UNIVERSITY NHS FOUNDATION TRUST","12","Message Board (Asynchronous)","MHS30f","Attended contacts in the RP with community mental health services for adult and older adults with severe mental illness","*","mhsds_monthly",FALSE
"01/04/2026","30/04/2026","Performance","Provider; ConsMechanismMH","RDY","DORSET HEALTHCARE UNIVERSITY NHS FOUNDATION TRUST","12","Message Board (Asynchronous)","MHS30h","Attended contacts in the RP by consultation medium","*","mhsds_monthly",FALSE
"01/04/2026","30/04/2026","Performance","Provider; ConsMechanismMH","RDY","DORSET HEALTHCARE UNIVERSITY NHS FOUNDATION TRUST","12","Message Board (Asynchronous)","MHS61b","First attended contacts for referrals open in the RP, aged 0 to 18, by consultation medium","*","mhsds_monthly",FALSE
"01/04/2026","30/04/2026","Performance","Provider; ConsMechanismMH","RDY","DORSET HEALTHCARE UNIVERSITY NHS FOUNDATION TRUST","13","Chat Room (Synchronous)","MHS30a","Attended contacts with perinatal MH team in Reporting Period","*","mhsds_monthly",FALSE
"01/04/2026","30/04/2026","Performance","Provider; ConsMechanismMH","RDY","DORSET HEALTHCARE UNIVERSITY NHS FOUNDATION TRUST","13","Chat Room (Synchronous)","MHS30e","Attended contacts in the RP, 0 to 18, by consultation medium","*","mhsds_monthly",FALSE
"01/04/2026","30/04/2026","Performance","Provider; ConsMechanismMH","RDY","DORSET HEALTHCARE UNIVERSITY NHS FOUNDATION TRUST","13","Chat Room (Synchronous)","MHS30f","Attended contacts in the RP with community mental health services for adult and older adults with severe mental illness","*","mhsds_monthly",FALSE
"01/04/2026","30/04/2026","Performance","Provider; ConsMechanismMH","RDY","DORSET HEALTHCARE UNIVERSITY NHS FOUNDATION TRUST","13","Chat Room (Synchronous)","MHS30h","Attended contacts in the RP by consultation medium","*","mhsds_monthly",FALSE
"01/04/2026","30/04/2026","Performance","Provider; ConsMechanismMH","RDY","DORSET HEALTHCARE UNIVERSITY NHS FOUNDATION TRUST","13","Chat Room (Synchronous)","MHS61b","First attended contacts for referrals open in the RP, aged 0 to 18, by consultation medium","*","mhsds_monthly",FALSE
"01/04/2026","30/04/2026","Performance","Provider; ConsMechanismMH","RDY","DORSET HEALTHCARE UNIVERSITY NHS FOUNDATION TRUST","98","Other (not listed)","MHS30a","Attended contacts with perinatal MH team in Reporting Period","*","mhsds_monthly",FALSE
"01/04/2026","30/04/2026","Performance","Provider; ConsMechanismMH","RDY","DORSET HEALTHCARE UNIVERSITY NHS FOUNDATION TRUST","98","Other (not listed)","MHS30e","Attended contacts in the RP, 0 to 18, by consultation medium","525","mhsds_monthly",FALSE
"01/04/2026","30/04/2026","Performance","Provider; ConsMechanismMH","RDY","DORSET HEALTHCARE UNIVERSITY NHS FOUNDATION TRUST","98","Other (not listed)","MHS30f","Attended contacts in the RP with community mental health services for adult and older adults with severe mental illness","250","mhsds_monthly",FALSE
"01/04/2026","30/04/2026","Performance","Provider; ConsMechanismMH","RDY","DORSET HEALTHCARE UNIVERSITY NHS FOUNDATION TRUST","98","Other (not listed)","MHS30h","Attended contacts in the RP by consultation medium","735","mhsds_monthly",FALSE
"01/04/2026","30/04/2026","Performance","Provider; ConsMechanismMH","RDY","DORSET HEALTHCARE UNIVERSITY NHS FOUNDATION TRUST","98","Other (not listed)","MHS61b","First attended contacts for referrals open in the RP, aged 0 to 18, by consultation medium","65","mhsds_monthly",FALSE
"01/04/2026","30/04/2026","Performance","Provider; ConsMechanismMH","RDY","DORSET HEALTHCARE UNIVERSITY NHS FOUNDATION TRUST","Invalid","Invalid","MHS30a","Attended contacts with perinatal MH team in Reporting Period","*","mhsds_monthly",FALSE
"01/04/2026","30/04/2026","Performance","Provider; ConsMechanismMH","RDY","DORSET HEALTHCARE UNIVERSITY NHS FOUNDATION TRUST","Invalid","Invalid","MHS30e","Attended contacts in the RP, 0 to 18, by consultation medium","*","mhsds_monthly",FALSE
"01/04/2026","30/04/2026","Performance","Provider; ConsMechanismMH","RDY","DORSET HEALTHCARE UNIVERSITY NHS FOUNDATION TRUST","Invalid","Invalid","MHS30f","Attended contacts in the RP with community mental health services for adult and older adults with severe mental illness","*","mhsds_monthly",FALSE
"01/04/2026","30/04/2026","Performance","Provider; ConsMechanismMH","RDY","DORSET HEALTHCARE UNIVERSITY NHS FOUNDATION TRUST","Invalid","Invalid","MHS30h","Attended contacts in the RP by consultation medium","*","mhsds_monthly",FALSE
"01/04/2026","30/04/2026","Performance","Provider; ConsMechanismMH","RDY","DORSET HEALTHCARE UNIVERSITY NHS FOUNDATION TRUST","Invalid","Invalid","MHS61b","First attended contacts for referrals open in the RP, aged 0 to 18, by consultation medium","*","mhsds_monthly",FALSE
"01/04/2026","30/04/2026","Performance","Provider; ConsMechanismMH","RDY","DORSET HEALTHCARE UNIVERSITY NHS FOUNDATION TRUST","Missing","Missing","MHS30a","Attended contacts with perinatal MH team in Reporting Period","*","mhsds_monthly",FALSE
"01/04/2026","30/04/2026","Performance","Provider; ConsMechanismMH","RDY","DORSET HEALTHCARE UNIVERSITY NHS FOUNDATION TRUST","Missing","Missing","MHS30e","Attended contacts in the RP, 0 to 18, by consultation medium","*","mhsds_monthly",FALSE
"01/04/2026","30/04/2026","Performance","Provider; ConsMechanismMH","RDY","DORSET HEALTHCARE UNIVERSITY NHS FOUNDATION TRUST","Missing","Missing","MHS30f","Attended contacts in the RP with community mental health services for adult and older adults with severe mental illness","*","mhsds_monthly",FALSE
"01/04/2026","30/04/2026","Performance","Provider; ConsMechanismMH","RDY","DORSET HEALTHCARE UNIVERSITY NHS FOUNDATION TRUST","Missing","Missing","MHS30h","Attended contacts in the RP by consultation medium","*","mhsds_monthly",FALSE
"01/04/2026","30/04/2026","Performance","Provider; ConsMechanismMH","RDY","DORSET HEALTHCARE UNIVERSITY NHS FOUNDATION TRUST","Missing","Missing","MHS61b","First attended contacts for referrals open in the RP, aged 0 to 18, by consultation medium","*","mhsds_monthly",FALSE
"01/04/2026","30/04/2026","Performance","Provider; DNA Reason","RDY","DORSET HEALTHCARE UNIVERSITY NHS FOUNDATION TRUST","2","Appointment cancelled by, or on behalf of the patient","MHS58a","Missed care contacts in the RP, 0 to 18, by reason","460","mhsds_monthly",FALSE
"01/04/2026","30/04/2026","Performance","Provider; DNA Reason","RDY","DORSET HEALTHCARE UNIVERSITY NHS FOUNDATION TRUST","3","Did not attend, no advance warning given","MHS58a","Missed care contacts in the RP, 0 to 18, by reason","875","mhsds_monthly",FALSE
"01/04/2026","30/04/2026","Performance","Provider; DNA Reason","RDY","DORSET HEALTHCARE UNIVERSITY NHS FOUNDATION TRUST","4","Appointment cancelled or postponed by the health care provider","MHS58a","Missed care contacts in the RP, 0 to 18, by reason","640","mhsds_monthly",FALSE
"01/04/2026","30/04/2026","Performance","Provider; DNA Reason","RDY","DORSET HEALTHCARE UNIVERSITY NHS FOUNDATION TRUST","7","Patient arrived late and could not be seen","MHS58a","Missed care contacts in the RP, 0 to 18, by reason","20","mhsds_monthly",FALSE
"01/04/2026","30/04/2026","Performance","Provider; Delayed discharge attributable to","RDY","DORSET HEALTHCARE UNIVERSITY NHS FOUNDATION TRUST","4","NHS, excluding housing","MHS26","Days of delayed discharge, for patients clinically ready for discharge, in the Reporting Period","165","mhsds_monthly",FALSE
"01/04/2026","30/04/2026","Performance","Provider; Delayed discharge attributable to","RDY","DORSET HEALTHCARE UNIVERSITY NHS FOUNDATION TRUST","5","Social Care, excluding housing","MHS26","Days of delayed discharge, for patients clinically ready for discharge, in the Reporting Period","85","mhsds_monthly",FALSE
"01/04/2026","30/04/2026","Performance","Provider; Delayed discharge attributable to","RDY","DORSET HEALTHCARE UNIVERSITY NHS FOUNDATION TRUST","6","Both (NHS and Social Care), excluding housing","MHS26","Days of delayed discharge, for patients clinically ready for discharge, in the Reporting Period","535","mhsds_monthly",FALSE
"01/04/2026","30/04/2026","Performance","Provider; Delayed discharge attributable to","RDY","DORSET HEALTHCARE UNIVERSITY NHS FOUNDATION TRUST","UNKNOWN","UNKNOWN","MHS26","Days of delayed discharge, for patients clinically ready for discharge, in the Reporting Period","70","mhsds_monthly",FALSE
"01/04/2026","30/04/2026","Performance","Provider; Age Group","RDY","DORSET HEALTHCARE UNIVERSITY NHS FOUNDATION TRUST","18-64","People aged 18 to 64","MHS23d","Open referrals to community mental health services for adult and older adults with severe mental illness","6245","mhsds_monthly",FALSE
"01/04/2026","30/04/2026","Performance","Provider; Age Group","RDY","DORSET HEALTHCARE UNIVERSITY NHS FOUNDATION TRUST","18-64","People aged 18 to 64","MHS29d","Contacts in the RP with community mental health services for adult and older adults with severe mental illness","10515","mhsds_monthly",FALSE
"01/04/2026","30/04/2026","Performance","Provider; Age Group","RDY","DORSET HEALTHCARE UNIVERSITY NHS FOUNDATION TRUST","18-64","People aged 18 to 64","MHS30f","Attended contacts in the RP with community mental health services for adult and older adults with severe mental illness","6685","mhsds_monthly",FALSE
"01/04/2026","30/04/2026","Performance","Provider; Age Group","RDY","DORSET HEALTHCARE UNIVERSITY NHS FOUNDATION TRUST","18-64","People aged 18 to 64","MHS32c","Referrals starting in the RP to community mental health services for adult and older adults with severe mental illness","730","mhsds_monthly",FALSE
"01/04/2026","30/04/2026","Performance","Provider; Age Group","RDY","DORSET HEALTHCARE UNIVERSITY NHS FOUNDATION TRUST","18-64","People aged 18 to 64","MHS57b","People discharged from a referral in the RP from community mental health services for adult and older adults with severe mental illness","820","mhsds_monthly",FALSE
"01/04/2026","30/04/2026","Performance","Provider; Age Group","RDY","DORSET HEALTHCARE UNIVERSITY NHS FOUNDATION TRUST","65+","People aged 65 or over","MHS23d","Open referrals to community mental health services for adult and older adults with severe mental illness","1740","mhsds_monthly",FALSE
"01/04/2026","30/04/2026","Performance","Provider; Age Group","RDY","DORSET HEALTHCARE UNIVERSITY NHS FOUNDATION TRUST","65+","People aged 65 or over","MHS29d","Contacts in the RP with community mental health services for adult and older adults with severe mental illness","4045","mhsds_monthly",FALSE
"01/04/2026","30/04/2026","Performance","Provider; Age Group","RDY","DORSET HEALTHCARE UNIVERSITY NHS FOUNDATION TRUST","65+","People aged 65 or over","MHS30f","Attended contacts in the RP with community mental health services for adult and older adults with severe mental illness","3090","mhsds_monthly",FALSE
"01/04/2026","30/04/2026","Performance","Provider; Age Group","RDY","DORSET HEALTHCARE UNIVERSITY NHS FOUNDATION TRUST","65+","People aged 65 or over","MHS32c","Referrals starting in the RP to community mental health services for adult and older adults with severe mental illness","330","mhsds_monthly",FALSE
"01/04/2026","30/04/2026","Performance","Provider; Age Group","RDY","DORSET HEALTHCARE UNIVERSITY NHS FOUNDATION TRUST","65+","People aged 65 or over","MHS57b","People discharged from a referral in the RP from community mental health services for adult and older adults with severe mental illness","310","mhsds_monthly",FALSE
"01/04/2026","30/04/2026","Performance","Provider; Age Group","RDY","DORSET HEALTHCARE UNIVERSITY NHS FOUNDATION TRUST","UNKNOWN","UNKNOWN","MHS23d","Open referrals to community mental health services for adult and older adults with severe mental illness","*","mhsds_monthly",FALSE
"01/04/2026","30/04/2026","Performance","Provider; Age Group","RDY","DORSET HEALTHCARE UNIVERSITY NHS FOUNDATION TRUST","UNKNOWN","UNKNOWN","MHS29d","Contacts in the RP with community mental health services for adult and older adults with severe mental illness","*","mhsds_monthly",FALSE
"01/04/2026","30/04/2026","Performance","Provider; Age Group","RDY","DORSET HEALTHCARE UNIVERSITY NHS FOUNDATION TRUST","UNKNOWN","UNKNOWN","MHS30f","Attended contacts in the RP with community mental health services for adult and older adults with severe mental illness","*","mhsds_monthly",FALSE
"01/04/2026","30/04/2026","Performance","Provider; Age Group","RDY","DORSET HEALTHCARE UNIVERSITY NHS FOUNDATION TRUST","UNKNOWN","UNKNOWN","MHS32c","Referrals starting in the RP to community mental health services for adult and older adults with severe mental illness","*","mhsds_monthly",FALSE
"01/04/2026","30/04/2026","Performance","Provider; Age Group","RDY","DORSET HEALTHCARE UNIVERSITY NHS FOUNDATION TRUST","UNKNOWN","UNKNOWN","MHS57b","People discharged from a referral in the RP from community mental health services for adult and older adults with severe mental illness","*","mhsds_monthly",FALSE
"01/04/2026","30/04/2026","Performance","Provider; Age Group","RDY","DORSET HEALTHCARE UNIVERSITY NHS FOUNDATION TRUST","Under 18","People aged under 18","MHS23d","Open referrals to community mental health services for adult and older adults with severe mental illness","4105","mhsds_monthly",FALSE
"01/04/2026","30/04/2026","Performance","Provider; Age Group","RDY","DORSET HEALTHCARE UNIVERSITY NHS FOUNDATION TRUST","Under 18","People aged under 18","MHS29d","Contacts in the RP with community mental health services for adult and older adults with severe mental illness","6120","mhsds_monthly",FALSE
"01/04/2026","30/04/2026","Performance","Provider; Age Group","RDY","DORSET HEALTHCARE UNIVERSITY NHS FOUNDATION TRUST","Under 18","People aged under 18","MHS30f","Attended contacts in the RP with community mental health services for adult and older adults with severe mental illness","3240","mhsds_monthly",FALSE
"01/04/2026","30/04/2026","Performance","Provider; Age Group","RDY","DORSET HEALTHCARE UNIVERSITY NHS FOUNDATION TRUST","Under 18","People aged under 18","MHS32c","Referrals starting in the RP to community mental health services for adult and older adults with severe mental illness","365","mhsds_monthly",FALSE
"01/04/2026","30/04/2026","Performance","Provider; Age Group","RDY","DORSET HEALTHCARE UNIVERSITY NHS FOUNDATION TRUST","Under 18","People aged under 18","MHS57b","People discharged from a referral in the RP from community mental health services for adult and older adults with severe mental illness","305","mhsds_monthly",FALSE
"01/04/2026","30/04/2026","Performance","Provider; Attendance","RDY","DORSET HEALTHCARE UNIVERSITY NHS FOUNDATION TRUST","2","APPOINTMENT cancelled by, or on behalf of, the PATIENT","MHS29a","Contacts with perinatal MH team in the Reporting Period","75","mhsds_monthly",FALSE
"01/04/2026","30/04/2026","Performance","Provider; Attendance","RDY","DORSET HEALTHCARE UNIVERSITY NHS FOUNDATION TRUST","2","APPOINTMENT cancelled by, or on behalf of, the PATIENT","MHS29d","Contacts in the RP with community mental health services for adult and older adults with severe mental illness","875","mhsds_monthly",FALSE
"01/04/2026","30/04/2026","Performance","Provider; Attendance","RDY","DORSET HEALTHCARE UNIVERSITY NHS FOUNDATION TRUST","2","APPOINTMENT cancelled by, or on behalf of, the PATIENT","MHS29f","Care contacts by Attended / did not attend code","1365","mhsds_monthly",FALSE
"01/04/2026","30/04/2026","Performance","Provider; Attendance","RDY","DORSET HEALTHCARE UNIVERSITY NHS FOUNDATION TRUST","3","Did not attend - no advance warning given","MHS29a","Contacts with perinatal MH team in the Reporting Period","90","mhsds_monthly",FALSE
"01/04/2026","30/04/2026","Performance","Provider; Attendance","RDY","DORSET HEALTHCARE UNIVERSITY NHS FOUNDATION TRUST","3","Did not attend - no advance warning given","MHS29d","Contacts in the RP with community mental health services for adult and older adults with severe mental illness","2065","mhsds_monthly",FALSE
"01/04/2026","30/04/2026","Performance","Provider; Attendance","RDY","DORSET HEALTHCARE UNIVERSITY NHS FOUNDATION TRUST","3","Did not attend - no advance warning given","MHS29f","Care contacts by Attended / did not attend code","2890","mhsds_monthly",FALSE
"01/04/2026","30/04/2026","Performance","Provider; Attendance","RDY","DORSET HEALTHCARE UNIVERSITY NHS FOUNDATION TRUST","4","APPOINTMENT cancelled or postponed by the Health Care Provider","MHS29a","Contacts with perinatal MH team in the Reporting Period","40","mhsds_monthly",FALSE
"01/04/2026","30/04/2026","Performance","Provider; Attendance","RDY","DORSET HEALTHCARE UNIVERSITY NHS FOUNDATION TRUST","4","APPOINTMENT cancelled or postponed by the Health Care Provider","MHS29d","Contacts in the RP with community mental health services for adult and older adults with severe mental illness","1435","mhsds_monthly",FALSE
"01/04/2026","30/04/2026","Performance","Provider; Attendance","RDY","DORSET HEALTHCARE UNIVERSITY NHS FOUNDATION TRUST","4","APPOINTMENT cancelled or postponed by the Health Care Provider","MHS29f","Care contacts by Attended / did not attend code","1865","mhsds_monthly",FALSE
"01/04/2026","30/04/2026","Performance","Provider; Attendance","RDY","DORSET HEALTHCARE UNIVERSITY NHS FOUNDATION TRUST","5","Attended on time or, if late, before the relevant CARE PROFESSIONAL was ready to see the PATIENT","MHS29a","Contacts with perinatal MH team in the Reporting Period","500","mhsds_monthly",FALSE
"01/04/2026","30/04/2026","Performance","Provider; Attendance","RDY","DORSET HEALTHCARE UNIVERSITY NHS FOUNDATION TRUST","5","Attended on time or, if late, before the relevant CARE PROFESSIONAL was ready to see the PATIENT","MHS29d","Contacts in the RP with community mental health services for adult and older adults with severe mental illness","13380","mhsds_monthly",FALSE
"01/04/2026","30/04/2026","Performance","Provider; Attendance","RDY","DORSET HEALTHCARE UNIVERSITY NHS FOUNDATION TRUST","5","Attended on time or, if late, before the relevant CARE PROFESSIONAL was ready to see the PATIENT","MHS29f","Care contacts by Attended / did not attend code","20840","mhsds_monthly",FALSE
"01/04/2026","30/04/2026","Performance","Provider; Attendance","RDY","DORSET HEALTHCARE UNIVERSITY NHS FOUNDATION TRUST","6","Arrived late, after the relevant CARE PROFESSIONAL was ready to see the PATIENT, but was seen","MHS29a","Contacts with perinatal MH team in the Reporting Period","*","mhsds_monthly",FALSE
"01/04/2026","30/04/2026","Performance","Provider; Attendance","RDY","DORSET HEALTHCARE UNIVERSITY NHS FOUNDATION TRUST","6","Arrived late, after the relevant CARE PROFESSIONAL was ready to see the PATIENT, but was seen","MHS29d","Contacts in the RP with community mental health services for adult and older adults with severe mental illness","65","mhsds_monthly",FALSE
"01/04/2026","30/04/2026","Performance","Provider; Attendance","RDY","DORSET HEALTHCARE UNIVERSITY NHS FOUNDATION TRUST","6","Arrived late, after the relevant CARE PROFESSIONAL was ready to see the PATIENT, but was seen","MHS29f","Care contacts by Attended / did not attend code","105","mhsds_monthly",FALSE
"01/04/2026","30/04/2026","Performance","Provider; Attendance","RDY","DORSET HEALTHCARE UNIVERSITY NHS FOUNDATION TRUST","7","PATIENT arrived late and could not be seen","MHS29a","Contacts with perinatal MH team in the Reporting Period","*","mhsds_monthly",FALSE
"01/04/2026","30/04/2026","Performance","Provider; Attendance","RDY","DORSET HEALTHCARE UNIVERSITY NHS FOUNDATION TRUST","7","PATIENT arrived late and could not be seen","MHS29d","Contacts in the RP with community mental health services for adult and older adults with severe mental illness","30","mhsds_monthly",FALSE
"01/04/2026","30/04/2026","Performance","Provider; Attendance","RDY","DORSET HEALTHCARE UNIVERSITY NHS FOUNDATION TRUST","7","PATIENT arrived late and could not be seen","MHS29f","Care contacts by Attended / did not attend code","55","mhsds_monthly",FALSE
"01/04/2026","30/04/2026","Performance","Provider; Attendance","RDY","DORSET HEALTHCARE UNIVERSITY NHS FOUNDATION TRUST","Invalid","Invalid","MHS29a","Contacts with perinatal MH team in the Reporting Period","*","mhsds_monthly",FALSE
"01/04/2026","30/04/2026","Performance","Provider; Attendance","RDY","DORSET HEALTHCARE UNIVERSITY NHS FOUNDATION TRUST","Invalid","Invalid","MHS29d","Contacts in the RP with community mental health services for adult and older adults with severe mental illness","*","mhsds_monthly",FALSE
"01/04/2026","30/04/2026","Performance","Provider; Attendance","RDY","DORSET HEALTHCARE UNIVERSITY NHS FOUNDATION TRUST","Invalid","Invalid","MHS29f","Care contacts by Attended / did not attend code","*","mhsds_monthly",FALSE
"01/04/2026","30/04/2026","Performance","Provider; Attendance","RDY","DORSET HEALTHCARE UNIVERSITY NHS FOUNDATION TRUST","UNKNOWN","UNKNOWN","MHS29a","Contacts with perinatal MH team in the Reporting Period","75","mhsds_monthly",FALSE
"01/04/2026","30/04/2026","Performance","Provider; Attendance","RDY","DORSET HEALTHCARE UNIVERSITY NHS FOUNDATION TRUST","UNKNOWN","UNKNOWN","MHS29d","Contacts in the RP with community mental health services for adult and older adults with severe mental illness","2830","mhsds_monthly",FALSE
"01/04/2026","30/04/2026","Performance","Provider; Attendance","RDY","DORSET HEALTHCARE UNIVERSITY NHS FOUNDATION TRUST","UNKNOWN","UNKNOWN","MHS29f","Care contacts by Attended / did not attend code","4185","mhsds_monthly",FALSE
"01/04/2026","30/04/2026","Performance","Provider","RDY","DORSET HEALTHCARE UNIVERSITY NHS FOUNDATION TRUST","NONE","NONE","AMH01","People with an open referral with adult mental health services at the end of the reporting period","14830","mhsds_monthly",FALSE
"01/04/2026","30/04/2026","Performance","Provider","RDY","DORSET HEALTHCARE UNIVERSITY NHS FOUNDATION TRUST","NONE","NONE","AMH09a","People subject to detention, adult acute MH care, at the end of the reporting period","70","mhsds_monthly",FALSE
"01/04/2026","30/04/2026","Performance","Provider","RDY","DORSET HEALTHCARE UNIVERSITY NHS FOUNDATION TRUST","NONE","NONE","AMH21","Open ward stays (adult mental health services) at the end of the reporting period","175","mhsds_monthly",FALSE
"01/04/2026","30/04/2026","Performance","Provider","RDY","DORSET HEALTHCARE UNIVERSITY NHS FOUNDATION TRUST","NONE","NONE","AMH21a","Open Ward stays, adult acute MH care at end of reporting period","85","mhsds_monthly",FALSE
"01/04/2026","30/04/2026","Performance","Provider","RDY","DORSET HEALTHCARE UNIVERSITY NHS FOUNDATION TRUST","NONE","NONE","AMH21b","Open Ward stays, specialised adult MH services at end of reporting period","15","mhsds_monthly",FALSE
"01/04/2026","30/04/2026","Performance","Provider","RDY","DORSET HEALTHCARE UNIVERSITY NHS FOUNDATION TRUST","NONE","NONE","AMH22a","Open ward stays with distance to treatment >50k, adult acute MH care at end RP","5","mhsds_monthly",FALSE
"01/04/2026","30/04/2026","Performance","Provider","RDY","DORSET HEALTHCARE UNIVERSITY NHS FOUNDATION TRUST","NONE","NONE","AMH22b","Distance to treatment >50K Open Ward stays where distance to treatment >50K, specialised adult MH services at end RP","*","mhsds_monthly",FALSE
"01/04/2026","30/04/2026","Performance","Provider","RDY","DORSET HEALTHCARE UNIVERSITY NHS FOUNDATION TRUST","NONE","NONE","AMH23","Open referrals (adult mental health services) at end of the reporting period","17085","mhsds_monthly",FALSE
"01/04/2026","30/04/2026","Performance","Provider","RDY","DORSET HEALTHCARE UNIVERSITY NHS FOUNDATION TRUST","NONE","NONE","AMH48a","Ward stays ending, adult acute MH care, in the Reporting Period","60","mhsds_monthly",FALSE
"01/04/2026","30/04/2026","Performance","Provider","RDY","DORSET HEALTHCARE UNIVERSITY NHS FOUNDATION TRUST","NONE","NONE","AMH59a","Open ward stays with distance to treatment 0 to 19km, adult acute MH care at end RP","45","mhsds_monthly",FALSE
"01/04/2026","30/04/2026","Performance","Provider","RDY","DORSET HEALTHCARE UNIVERSITY NHS FOUNDATION TRUST","NONE","NONE","AMH59b","Open ward stays with distance to treatment 20 to 49km, adult acute MH care at end RP","30","mhsds_monthly",FALSE
"01/04/2026","30/04/2026","Performance","Provider","RDY","DORSET HEALTHCARE UNIVERSITY NHS FOUNDATION TRUST","NONE","NONE","AMH59c","Open ward stays with distance to treatment 50 to 99km, adult acute MH care at end RP","*","mhsds_monthly",FALSE
"01/04/2026","30/04/2026","Performance","Provider","RDY","DORSET HEALTHCARE UNIVERSITY NHS FOUNDATION TRUST","NONE","NONE","AMH59d","Open ward stays with distance to treatment 100km and over, adult acute MH care at end RP","*","mhsds_monthly",FALSE
"01/04/2026","30/04/2026","Performance","Provider","RDY","DORSET HEALTHCARE UNIVERSITY NHS FOUNDATION TRUST","NONE","NONE","CYP01","People with an open referral with children and young people's mental health services at the end of the reporting period","4965","mhsds_monthly",FALSE
"01/04/2026","30/04/2026","Performance","Provider","RDY","DORSET HEALTHCARE UNIVERSITY NHS FOUNDATION TRUST","NONE","NONE","CYP21","Open ward stays (children and young people's mental health services) at the end of the reporting period","10","mhsds_monthly",FALSE
"01/04/2026","30/04/2026","Performance","Provider","RDY","DORSET HEALTHCARE UNIVERSITY NHS FOUNDATION TRUST","NONE","NONE","CYP23","Open referrals (children's and young people's mental health services) at end of the reporting period","5375","mhsds_monthly",FALSE
"01/04/2026","30/04/2026","Performance","Provider","RDY","DORSET HEALTHCARE UNIVERSITY NHS FOUNDATION TRUST","NONE","NONE","CYP32","Referrals to children and young people's mental health services starting in RP","615","mhsds_monthly",FALSE
"01/04/2026","30/04/2026","Performance","Provider","RDY","DORSET HEALTHCARE UNIVERSITY NHS FOUNDATION TRUST","NONE","NONE","CYP32a","Referrals to children and young people's mental health services starting in RP, 0 to 18","615","mhsds_monthly",FALSE
"01/04/2026","30/04/2026","Performance","Provider","RDY","DORSET HEALTHCARE UNIVERSITY NHS FOUNDATION TRUST","NONE","NONE","LDA01","People with an open referral with Learning Disabilities and Autism services at the end of the reporting period","2265","mhsds_monthly",FALSE
"01/04/2026","30/04/2026","Performance","Provider","RDY","DORSET HEALTHCARE UNIVERSITY NHS FOUNDATION TRUST","NONE","NONE","LDA08","People subject to the Mental Health Act (learning disability and Autism services) at the end of the reporting period","*","mhsds_monthly",FALSE
"01/04/2026","30/04/2026","Performance","Provider","RDY","DORSET HEALTHCARE UNIVERSITY NHS FOUNDATION TRUST","NONE","NONE","LDA09","People subject to detention (learning disability and Autism services) at the end of the reporting period","*","mhsds_monthly",FALSE
"01/04/2026","30/04/2026","Performance","Provider","RDY","DORSET HEALTHCARE UNIVERSITY NHS FOUNDATION TRUST","NONE","NONE","LDA10","People subject to CTO or conditional discharge (learning disability and Autism services) at the end of the reporting period","*","mhsds_monthly",FALSE
"01/04/2026","30/04/2026","Performance","Provider","RDY","DORSET HEALTHCARE UNIVERSITY NHS FOUNDATION TRUST","NONE","NONE","LDA11","People subject to a short term order (learning disability and Autism services) at the end of the reporting period","*","mhsds_monthly",FALSE
"01/04/2026","30/04/2026","Performance","Provider","RDY","DORSET HEALTHCARE UNIVERSITY NHS FOUNDATION TRUST","NONE","NONE","MH01","People with an open referral with mental health services at the end of the reporting period","19755","mhsds_monthly",FALSE
"01/04/2026","30/04/2026","Performance","Provider","RDY","DORSET HEALTHCARE UNIVERSITY NHS FOUNDATION TRUST","NONE","NONE","MH01a","People with an open referral with mental health services aged 0 to 18 at the end of the reporting period","5175","mhsds_monthly",FALSE
"01/04/2026","30/04/2026","Performance","Provider","RDY","DORSET HEALTHCARE UNIVERSITY NHS FOUNDATION TRUST","NONE","NONE","MH01b","People with an open referral with mental health services aged 19 to 64 at the end of the reporting period","10490","mhsds_monthly",FALSE
"01/04/2026","30/04/2026","Performance","Provider","RDY","DORSET HEALTHCARE UNIVERSITY NHS FOUNDATION TRUST","NONE","NONE","MH01c","People with an open referral with mental health services aged 65 and over at the end of the reporting period","4090","mhsds_monthly",FALSE
"01/04/2026","30/04/2026","Performance","Provider","RDY","DORSET HEALTHCARE UNIVERSITY NHS FOUNDATION TRUST","NONE","NONE","MH08","People subject to the Mental Health Act (mental health services) at the end of the reporting period","295","mhsds_monthly",FALSE
"01/04/2026","30/04/2026","Performance","Provider","RDY","DORSET HEALTHCARE UNIVERSITY NHS FOUNDATION TRUST","NONE","NONE","MH08a","People subject to the Mental Health Act (mental health services) at the end of the reporting period, age 0 to 17","5","mhsds_monthly",FALSE
"01/04/2026","30/04/2026","Performance","Provider","RDY","DORSET HEALTHCARE UNIVERSITY NHS FOUNDATION TRUST","NONE","NONE","MH09","People subject to detention (mental health services) at the end of the reporting period","145","mhsds_monthly",FALSE
"01/04/2026","30/04/2026","Performance","Provider","RDY","DORSET HEALTHCARE UNIVERSITY NHS FOUNDATION TRUST","NONE","NONE","MH09a","People subject to detention (mental health services) at the end of the reporting period, aged 0 to 17","5","mhsds_monthly",FALSE
"01/04/2026","30/04/2026","Performance","Provider","RDY","DORSET HEALTHCARE UNIVERSITY NHS FOUNDATION TRUST","NONE","NONE","MH09b","People subject to detention (mental health services) at the end of the reporting period, aged 18 to 64","90","mhsds_monthly",FALSE
"01/04/2026","30/04/2026","Performance","Provider","RDY","DORSET HEALTHCARE UNIVERSITY NHS FOUNDATION TRUST","NONE","NONE","MH09c","People subject to detention (mental health services) at the end of the reporting period, aged 65 and over","50","mhsds_monthly",FALSE
"01/04/2026","30/04/2026","Performance","Provider","RDY","DORSET HEALTHCARE UNIVERSITY NHS FOUNDATION TRUST","NONE","NONE","MH10","People subject to CTO or conditional discharge (mental health services) at the end of the reporting period","145","mhsds_monthly",FALSE
"01/04/2026","30/04/2026","Performance","Provider","RDY","DORSET HEALTHCARE UNIVERSITY NHS FOUNDATION TRUST","NONE","NONE","MH10a","People subject to CTO or conditional discharge (mental health services) at the end of the reporting period, aged 0 to 17","*","mhsds_monthly",FALSE
"01/04/2026","30/04/2026","Performance","Provider","RDY","DORSET HEALTHCARE UNIVERSITY NHS FOUNDATION TRUST","NONE","NONE","MH11","People subject to a short term order (mental health services) at the end of the reporting period","*","mhsds_monthly",FALSE
"01/04/2026","30/04/2026","Performance","Provider","RDY","DORSET HEALTHCARE UNIVERSITY NHS FOUNDATION TRUST","NONE","NONE","MHS01","People with an open referral with services at the end of the reporting period","21860","mhsds_monthly",FALSE
"01/04/2026","30/04/2026","Performance","Provider","RDY","DORSET HEALTHCARE UNIVERSITY NHS FOUNDATION TRUST","NONE","NONE","MHS07","People with an open hospital spell at the end of the reporting period","185","mhsds_monthly",FALSE
"01/04/2026","30/04/2026","Performance","Provider","RDY","DORSET HEALTHCARE UNIVERSITY NHS FOUNDATION TRUST","NONE","NONE","MHS07a","People with an open hospital spell at the end of the reporting period aged 0 to 18","10","mhsds_monthly",FALSE
"01/04/2026","30/04/2026","Performance","Provider","RDY","DORSET HEALTHCARE UNIVERSITY NHS FOUNDATION TRUST","NONE","NONE","MHS07b","People with an open hospital spell at the end of the reporting period aged 19 to 64","115","mhsds_monthly",FALSE
"01/04/2026","30/04/2026","Performance","Provider","RDY","DORSET HEALTHCARE UNIVERSITY NHS FOUNDATION TRUST","NONE","NONE","MHS07c","People with an open hospital spell at the end of the reporting period aged 65 and over","60","mhsds_monthly",FALSE
"01/04/2026","30/04/2026","Performance","Provider","RDY","DORSET HEALTHCARE UNIVERSITY NHS FOUNDATION TRUST","NONE","NONE","MHS08","People subject to the Mental Health Act at the end of the reporting period","295","mhsds_monthly",FALSE
"01/04/2026","30/04/2026","Performance","Provider","RDY","DORSET HEALTHCARE UNIVERSITY NHS FOUNDATION TRUST","NONE","NONE","MHS08a","People subject to the Mental Health Act at the end of the reporting period, aged 0 to 17","5","mhsds_monthly",FALSE
"01/04/2026","30/04/2026","Performance","Provider","RDY","DORSET HEALTHCARE UNIVERSITY NHS FOUNDATION TRUST","NONE","NONE","MHS09","People subject to detention at the end of the reporting period","145","mhsds_monthly",FALSE
"01/04/2026","30/04/2026","Performance","Provider","RDY","DORSET HEALTHCARE UNIVERSITY NHS FOUNDATION TRUST","NONE","NONE","MHS10","People subject to CTO or conditional discharge at the end of the reporting period","145","mhsds_monthly",FALSE
"01/04/2026","30/04/2026","Performance","Provider","RDY","DORSET HEALTHCARE UNIVERSITY NHS FOUNDATION TRUST","NONE","NONE","MHS11","People subject to a short term order at the end of the reporting period","*","mhsds_monthly",FALSE
"01/04/2026","30/04/2026","Performance","Provider","RDY","DORSET HEALTHCARE UNIVERSITY NHS FOUNDATION TRUST","NONE","NONE","MHS11a","People subject to a short term order at the end of the reporting period, aged 0 to 17","*","mhsds_monthly",FALSE
"01/04/2026","30/04/2026","Performance","Provider","RDY","DORSET HEALTHCARE UNIVERSITY NHS FOUNDATION TRUST","NONE","NONE","MHS13","People with an open referral with services at the end of the reporting period with accommodation status recorded","1980","mhsds_monthly",FALSE
"01/04/2026","30/04/2026","Performance","Provider","RDY","DORSET HEALTHCARE UNIVERSITY NHS FOUNDATION TRUST","NONE","NONE","MHS16","People with an open referral with services at the end of the reporting period  with employment status recorded","2830","mhsds_monthly",FALSE
"01/04/2026","30/04/2026","Performance","Provider","RDY","DORSET HEALTHCARE UNIVERSITY NHS FOUNDATION TRUST","NONE","NONE","MHS19","People with a crisis plan in place at the end of the reporting period","*","mhsds_monthly",FALSE
"01/04/2026","30/04/2026","Performance","Provider","RDY","DORSET HEALTHCARE UNIVERSITY NHS FOUNDATION TRUST","NONE","NONE","MHS20","People with an open referral with services at the end of the reporting period with a diagnosis recorded","2365","mhsds_monthly",FALSE
"01/04/2026","30/04/2026","Performance","Provider","RDY","DORSET HEALTHCARE UNIVERSITY NHS FOUNDATION TRUST","NONE","NONE","MHS21","Open ward stays at the end of the reporting period","185","mhsds_monthly",FALSE
"01/04/2026","30/04/2026","Performance","Provider","RDY","DORSET HEALTHCARE UNIVERSITY NHS FOUNDATION TRUST","NONE","NONE","MHS21a","Open ward stays at the end of the reporting period, aged 0 to 18","10","mhsds_monthly",FALSE
"01/04/2026","30/04/2026","Performance","Provider","RDY","DORSET HEALTHCARE UNIVERSITY NHS FOUNDATION TRUST","NONE","NONE","MHS21b","Open ward stays at the end of the reporting period, aged 19 to 64","115","mhsds_monthly",FALSE
"01/04/2026","30/04/2026","Performance","Provider","RDY","DORSET HEALTHCARE UNIVERSITY NHS FOUNDATION TRUST","NONE","NONE","MHS21c","Open ward stays at the end of the reporting period, aged 65 and over","60","mhsds_monthly",FALSE
"01/04/2026","30/04/2026","Performance","Provider","RDY","DORSET HEALTHCARE UNIVERSITY NHS FOUNDATION TRUST","NONE","NONE","MHS22","Open ward stays, distance >=50KM at end of the reporting period","10","mhsds_monthly",FALSE
"01/04/2026","30/04/2026","Performance","Provider","RDY","DORSET HEALTHCARE UNIVERSITY NHS FOUNDATION TRUST","NONE","NONE","MHS22a","Open ward stays, distance >=50KM at end of the reporting period, aged 0 to 18","*","mhsds_monthly",FALSE
"01/04/2026","30/04/2026","Performance","Provider","RDY","DORSET HEALTHCARE UNIVERSITY NHS FOUNDATION TRUST","NONE","NONE","MHS22b","Open ward stays, distance >=50KM at end of the reporting period, aged 19 to 64","10","mhsds_monthly",FALSE
"01/04/2026","30/04/2026","Performance","Provider","RDY","DORSET HEALTHCARE UNIVERSITY NHS FOUNDATION TRUST","NONE","NONE","MHS22c","Open ward stays, distance >=50KM at end of the reporting period, aged 65 and over","*","mhsds_monthly",FALSE
"01/04/2026","30/04/2026","Performance","Provider","RDY","DORSET HEALTHCARE UNIVERSITY NHS FOUNDATION TRUST","NONE","NONE","MHS23","Open referrals at the end of the reporting period","24790","mhsds_monthly",FALSE
"01/04/2026","30/04/2026","Performance","Provider","RDY","DORSET HEALTHCARE UNIVERSITY NHS FOUNDATION TRUST","NONE","NONE","MHS23a","Open referrals to perinatal MH team at the end of the Reporting Period","305","mhsds_monthly",FALSE
