"REPORTING_PERIOD_START","REPORTING_PERIOD_END","ORG_CODE","ORG_NAME","ORG_LEVEL","DIMENSION","COUNT_OF","MEASURE","MEASURE_DESC","MEASURE_2","MEASURE_2_DESC","MEASURE_VALUE","MEASURE_VALUE_0_18","MEASURE_VALUE_19_64","MEASURE_VALUE_65_PLUS","_demo_source","_synthetic"
"2026-03-01","2026-03-31","RDY","DORSET HEALTHCARE UNIVERSITY NHS FOUNDATION TRUST","Provider","ActivityType","CareActivities","02","Assessment",NA,"",4270,1395,1000,1875,"csds_monthly",FALSE
"2026-03-01","2026-03-31","RDY","DORSET HEALTHCARE UNIVERSITY NHS FOUNDATION TRUST","Provider","ActivityType","CareActivities","03","Clinical Intervention",NA,"",5955,1910,1645,2400,"csds_monthly",FALSE
"2026-03-01","2026-03-31","RDY","DORSET HEALTHCARE UNIVERSITY NHS FOUNDATION TRUST","Provider","ActivityType","CareActivities","04","Counselling, Advice, Support",NA,"",1590,905,225,460,"csds_monthly",FALSE
"2026-03-01","2026-03-31","RDY","DORSET HEALTHCARE UNIVERSITY NHS FOUNDATION TRUST","Provider","ActivityType","CareActivities","05","Patient Specific Health Promotion",NA,"",620,300,205,110,"csds_monthly",FALSE
"2026-03-01","2026-03-31","RDY","DORSET HEALTHCARE UNIVERSITY NHS FOUNDATION TRUST","Provider","ActivityType","CareActivities","06","Multidisciplinary Team Review",NA,"",20,5,10,5,"csds_monthly",FALSE
"2026-03-01","2026-03-31","RDY","DORSET HEALTHCARE UNIVERSITY NHS FOUNDATION TRUST","Provider","ActivityType","CareActivities","08","Health Visitor New Birth Visit",NA,"",400,400,0,0,"csds_monthly",FALSE
"2026-03-01","2026-03-31","RDY","DORSET HEALTHCARE UNIVERSITY NHS FOUNDATION TRUST","Provider","ActivityType","CareActivities","09","Health Visitor Health Review (6-8 weeks)",NA,"",385,385,0,0,"csds_monthly",FALSE
"2026-03-01","2026-03-31","RDY","DORSET HEALTHCARE UNIVERSITY NHS FOUNDATION TRUST","Provider","ActivityType","CareActivities","10","Health Visitor Health Review (1  year)",NA,"",360,360,0,0,"csds_monthly",FALSE
"2026-03-01","2026-03-31","RDY","DORSET HEALTHCARE UNIVERSITY NHS FOUNDATION TRUST","Provider","ActivityType","CareActivities","11","Health Visitor Health Review (2-2.5 years)",NA,"",375,375,0,0,"csds_monthly",FALSE
"2026-03-01","2026-03-31","RDY","DORSET HEALTHCARE UNIVERSITY NHS FOUNDATION TRUST","Provider","ActivityType","CareActivities","97","Other",NA,"",9995,1120,3445,5430,"csds_monthly",FALSE
"2026-03-01","2026-03-31","RDY","DORSET HEALTHCARE UNIVERSITY NHS FOUNDATION TRUST","Provider","AgeYr_Referral_ReceivedDate","PatientWithReferral","0 to 4","",NA,"",1815,1815,0,0,"csds_monthly",FALSE
"2026-03-01","2026-03-31","RDY","DORSET HEALTHCARE UNIVERSITY NHS FOUNDATION TRUST","Provider","AgeYr_Referral_ReceivedDate","PatientWithReferral","10 to 14","",NA,"",305,305,0,0,"csds_monthly",FALSE
"2026-03-01","2026-03-31","RDY","DORSET HEALTHCARE UNIVERSITY NHS FOUNDATION TRUST","Provider","AgeYr_Referral_ReceivedDate","PatientWithReferral","100 to 104","",NA,"",25,0,0,25,"csds_monthly",FALSE
"2026-03-01","2026-03-31","RDY","DORSET HEALTHCARE UNIVERSITY NHS FOUNDATION TRUST","Provider","AgeYr_Referral_ReceivedDate","PatientWithReferral","105 to 109","",NA,"",5,0,0,5,"csds_monthly",FALSE
"2026-03-01","2026-03-31","RDY","DORSET HEALTHCARE UNIVERSITY NHS FOUNDATION TRUST","Provider","AgeYr_Referral_ReceivedDate","PatientWithReferral","15 to 19","",NA,"",410,280,130,0,"csds_monthly",FALSE
"2026-03-01","2026-03-31","RDY","DORSET HEALTHCARE UNIVERSITY NHS FOUNDATION TRUST","Provider","AgeYr_Referral_ReceivedDate","PatientWithReferral","20 to 24","",NA,"",185,0,185,0,"csds_monthly",FALSE
"2026-03-01","2026-03-31","RDY","DORSET HEALTHCARE UNIVERSITY NHS FOUNDATION TRUST","Provider","AgeYr_Referral_ReceivedDate","PatientWithReferral","25 to 29","",NA,"",290,0,290,0,"csds_monthly",FALSE
"2026-03-01","2026-03-31","RDY","DORSET HEALTHCARE UNIVERSITY NHS FOUNDATION TRUST","Provider","AgeYr_Referral_ReceivedDate","PatientWithReferral","30 to 34","",NA,"",395,0,395,0,"csds_monthly",FALSE
"2026-03-01","2026-03-31","RDY","DORSET HEALTHCARE UNIVERSITY NHS FOUNDATION TRUST","Provider","AgeYr_Referral_ReceivedDate","PatientWithReferral","35 to 39","",NA,"",380,0,380,0,"csds_monthly",FALSE
"2026-03-01","2026-03-31","RDY","DORSET HEALTHCARE UNIVERSITY NHS FOUNDATION TRUST","Provider","AgeYr_Referral_ReceivedDate","PatientWithReferral","40 to 44","",NA,"",315,0,315,0,"csds_monthly",FALSE
"2026-03-01","2026-03-31","RDY","DORSET HEALTHCARE UNIVERSITY NHS FOUNDATION TRUST","Provider","AgeYr_Referral_ReceivedDate","PatientWithReferral","45 to 49","",NA,"",300,0,300,0,"csds_monthly",FALSE
"2026-03-01","2026-03-31","RDY","DORSET HEALTHCARE UNIVERSITY NHS FOUNDATION TRUST","Provider","AgeYr_Referral_ReceivedDate","PatientWithReferral","5 to 9","",NA,"",340,340,0,0,"csds_monthly",FALSE
"2026-03-01","2026-03-31","RDY","DORSET HEALTHCARE UNIVERSITY NHS FOUNDATION TRUST","Provider","AgeYr_Referral_ReceivedDate","PatientWithReferral","50 to 54","",NA,"",405,0,405,0,"csds_monthly",FALSE
"2026-03-01","2026-03-31","RDY","DORSET HEALTHCARE UNIVERSITY NHS FOUNDATION TRUST","Provider","AgeYr_Referral_ReceivedDate","PatientWithReferral","55 to 59","",NA,"",510,0,510,0,"csds_monthly",FALSE
"2026-03-01","2026-03-31","RDY","DORSET HEALTHCARE UNIVERSITY NHS FOUNDATION TRUST","Provider","AgeYr_Referral_ReceivedDate","PatientWithReferral","60 to 64","",NA,"",600,0,600,0,"csds_monthly",FALSE
"2026-03-01","2026-03-31","RDY","DORSET HEALTHCARE UNIVERSITY NHS FOUNDATION TRUST","Provider","AgeYr_Referral_ReceivedDate","PatientWithReferral","65 to 69","",NA,"",610,0,0,610,"csds_monthly",FALSE
"2026-03-01","2026-03-31","RDY","DORSET HEALTHCARE UNIVERSITY NHS FOUNDATION TRUST","Provider","AgeYr_Referral_ReceivedDate","PatientWithReferral","70 to 74","",NA,"",625,0,0,625,"csds_monthly",FALSE
"2026-03-01","2026-03-31","RDY","DORSET HEALTHCARE UNIVERSITY NHS FOUNDATION TRUST","Provider","AgeYr_Referral_ReceivedDate","PatientWithReferral","75 to 79","",NA,"",920,0,0,920,"csds_monthly",FALSE
"2026-03-01","2026-03-31","RDY","DORSET HEALTHCARE UNIVERSITY NHS FOUNDATION TRUST","Provider","AgeYr_Referral_ReceivedDate","PatientWithReferral","80 to 84","",NA,"",845,0,0,845,"csds_monthly",FALSE
"2026-03-01","2026-03-31","RDY","DORSET HEALTHCARE UNIVERSITY NHS FOUNDATION TRUST","Provider","AgeYr_Referral_ReceivedDate","PatientWithReferral","85 to 89","",NA,"",740,0,0,740,"csds_monthly",FALSE
"2026-03-01","2026-03-31","RDY","DORSET HEALTHCARE UNIVERSITY NHS FOUNDATION TRUST","Provider","AgeYr_Referral_ReceivedDate","PatientWithReferral","90 to 94","",NA,"",525,0,0,525,"csds_monthly",FALSE
"2026-03-01","2026-03-31","RDY","DORSET HEALTHCARE UNIVERSITY NHS FOUNDATION TRUST","Provider","AgeYr_Referral_ReceivedDate","PatientWithReferral","95 to 99","",NA,"",200,0,0,200,"csds_monthly",FALSE
"2026-03-01","2026-03-31","RDY","DORSET HEALTHCARE UNIVERSITY NHS FOUNDATION TRUST","Provider","AgeYr_Referral_ReceivedDate_Gender_PatientWithReferrals","PatientWithReferral","0 to 4","",1,"Male",990,990,0,0,"csds_monthly",FALSE
"2026-03-01","2026-03-31","RDY","DORSET HEALTHCARE UNIVERSITY NHS FOUNDATION TRUST","Provider","AgeYr_Referral_ReceivedDate_Gender_PatientWithReferrals","PatientWithReferral","0 to 4","",2,"Female",825,825,0,0,"csds_monthly",FALSE
"2026-03-01","2026-03-31","RDY","DORSET HEALTHCARE UNIVERSITY NHS FOUNDATION TRUST","Provider","AgeYr_Referral_ReceivedDate_Gender_PatientWithReferrals","PatientWithReferral","10 to 14","",1,"Male",160,160,0,0,"csds_monthly",FALSE
"2026-03-01","2026-03-31","RDY","DORSET HEALTHCARE UNIVERSITY NHS FOUNDATION TRUST","Provider","AgeYr_Referral_ReceivedDate_Gender_PatientWithReferrals","PatientWithReferral","10 to 14","",2,"Female",145,145,0,0,"csds_monthly",FALSE
"2026-03-01","2026-03-31","RDY","DORSET HEALTHCARE UNIVERSITY NHS FOUNDATION TRUST","Provider","AgeYr_Referral_ReceivedDate_Gender_PatientWithReferrals","PatientWithReferral","100 to 104","",1,"Male",5,0,0,5,"csds_monthly",FALSE
"2026-03-01","2026-03-31","RDY","DORSET HEALTHCARE UNIVERSITY NHS FOUNDATION TRUST","Provider","AgeYr_Referral_ReceivedDate_Gender_PatientWithReferrals","PatientWithReferral","100 to 104","",2,"Female",20,0,0,20,"csds_monthly",FALSE
"2026-03-01","2026-03-31","RDY","DORSET HEALTHCARE UNIVERSITY NHS FOUNDATION TRUST","Provider","AgeYr_Referral_ReceivedDate_Gender_PatientWithReferrals","PatientWithReferral","105 to 109","",2,"Female",5,0,0,5,"csds_monthly",FALSE
"2026-03-01","2026-03-31","RDY","DORSET HEALTHCARE UNIVERSITY NHS FOUNDATION TRUST","Provider","AgeYr_Referral_ReceivedDate_Gender_PatientWithReferrals","PatientWithReferral","15 to 19","",1,"Male",190,140,50,0,"csds_monthly",FALSE
"2026-03-01","2026-03-31","RDY","DORSET HEALTHCARE UNIVERSITY NHS FOUNDATION TRUST","Provider","AgeYr_Referral_ReceivedDate_Gender_PatientWithReferrals","PatientWithReferral","15 to 19","",2,"Female",220,140,80,0,"csds_monthly",FALSE
"2026-03-01","2026-03-31","RDY","DORSET HEALTHCARE UNIVERSITY NHS FOUNDATION TRUST","Provider","AgeYr_Referral_ReceivedDate_Gender_PatientWithReferrals","PatientWithReferral","20 to 24","",1,"Male",50,0,50,0,"csds_monthly",FALSE
"2026-03-01","2026-03-31","RDY","DORSET HEALTHCARE UNIVERSITY NHS FOUNDATION TRUST","Provider","AgeYr_Referral_ReceivedDate_Gender_PatientWithReferrals","PatientWithReferral","20 to 24","",2,"Female",130,0,130,0,"csds_monthly",FALSE
"2026-03-01","2026-03-31","RDY","DORSET HEALTHCARE UNIVERSITY NHS FOUNDATION TRUST","Provider","AgeYr_Referral_ReceivedDate_Gender_PatientWithReferrals","PatientWithReferral","25 to 29","",1,"Male",60,0,60,0,"csds_monthly",FALSE
"2026-03-01","2026-03-31","RDY","DORSET HEALTHCARE UNIVERSITY NHS FOUNDATION TRUST","Provider","AgeYr_Referral_ReceivedDate_Gender_PatientWithReferrals","PatientWithReferral","25 to 29","",2,"Female",230,0,230,0,"csds_monthly",FALSE
"2026-03-01","2026-03-31","RDY","DORSET HEALTHCARE UNIVERSITY NHS FOUNDATION TRUST","Provider","AgeYr_Referral_ReceivedDate_Gender_PatientWithReferrals","PatientWithReferral","30 to 34","",1,"Male",65,0,65,0,"csds_monthly",FALSE
"2026-03-01","2026-03-31","RDY","DORSET HEALTHCARE UNIVERSITY NHS FOUNDATION TRUST","Provider","AgeYr_Referral_ReceivedDate_Gender_PatientWithReferrals","PatientWithReferral","30 to 34","",2,"Female",330,0,330,0,"csds_monthly",FALSE
"2026-03-01","2026-03-31","RDY","DORSET HEALTHCARE UNIVERSITY NHS FOUNDATION TRUST","Provider","AgeYr_Referral_ReceivedDate_Gender_PatientWithReferrals","PatientWithReferral","35 to 39","",1,"Male",105,0,105,0,"csds_monthly",FALSE
"2026-03-01","2026-03-31","RDY","DORSET HEALTHCARE UNIVERSITY NHS FOUNDATION TRUST","Provider","AgeYr_Referral_ReceivedDate_Gender_PatientWithReferrals","PatientWithReferral","35 to 39","",2,"Female",275,0,275,0,"csds_monthly",FALSE
"2026-03-01","2026-03-31","RDY","DORSET HEALTHCARE UNIVERSITY NHS FOUNDATION TRUST","Provider","AgeYr_Referral_ReceivedDate_Gender_PatientWithReferrals","PatientWithReferral","40 to 44","",1,"Male",105,0,105,0,"csds_monthly",FALSE
"2026-03-01","2026-03-31","RDY","DORSET HEALTHCARE UNIVERSITY NHS FOUNDATION TRUST","Provider","AgeYr_Referral_ReceivedDate_Gender_PatientWithReferrals","PatientWithReferral","40 to 44","",2,"Female",210,0,210,0,"csds_monthly",FALSE
"2026-03-01","2026-03-31","RDY","DORSET HEALTHCARE UNIVERSITY NHS FOUNDATION TRUST","Provider","AgeYr_Referral_ReceivedDate_Gender_PatientWithReferrals","PatientWithReferral","45 to 49","",1,"Male",125,0,125,0,"csds_monthly",FALSE
"2026-03-01","2026-03-31","RDY","DORSET HEALTHCARE UNIVERSITY NHS FOUNDATION TRUST","Provider","AgeYr_Referral_ReceivedDate_Gender_PatientWithReferrals","PatientWithReferral","45 to 49","",2,"Female",175,0,175,0,"csds_monthly",FALSE
"2026-03-01","2026-03-31","RDY","DORSET HEALTHCARE UNIVERSITY NHS FOUNDATION TRUST","Provider","AgeYr_Referral_ReceivedDate_Gender_PatientWithReferrals","PatientWithReferral","5 to 9","",1,"Male",195,195,0,0,"csds_monthly",FALSE
"2026-03-01","2026-03-31","RDY","DORSET HEALTHCARE UNIVERSITY NHS FOUNDATION TRUST","Provider","AgeYr_Referral_ReceivedDate_Gender_PatientWithReferrals","PatientWithReferral","5 to 9","",2,"Female",140,140,0,0,"csds_monthly",FALSE
"2026-03-01","2026-03-31","RDY","DORSET HEALTHCARE UNIVERSITY NHS FOUNDATION TRUST","Provider","AgeYr_Referral_ReceivedDate_Gender_PatientWithReferrals","PatientWithReferral","50 to 54","",1,"Male",170,0,170,0,"csds_monthly",FALSE
"2026-03-01","2026-03-31","RDY","DORSET HEALTHCARE UNIVERSITY NHS FOUNDATION TRUST","Provider","AgeYr_Referral_ReceivedDate_Gender_PatientWithReferrals","PatientWithReferral","50 to 54","",2,"Female",235,0,235,0,"csds_monthly",FALSE
"2026-03-01","2026-03-31","RDY","DORSET HEALTHCARE UNIVERSITY NHS FOUNDATION TRUST","Provider","AgeYr_Referral_ReceivedDate_Gender_PatientWithReferrals","PatientWithReferral","55 to 59","",1,"Male",205,0,205,0,"csds_monthly",FALSE
"2026-03-01","2026-03-31","RDY","DORSET HEALTHCARE UNIVERSITY NHS FOUNDATION TRUST","Provider","AgeYr_Referral_ReceivedDate_Gender_PatientWithReferrals","PatientWithReferral","55 to 59","",2,"Female",305,0,305,0,"csds_monthly",FALSE
"2026-03-01","2026-03-31","RDY","DORSET HEALTHCARE UNIVERSITY NHS FOUNDATION TRUST","Provider","AgeYr_Referral_ReceivedDate_Gender_PatientWithReferrals","PatientWithReferral","60 to 64","",1,"Male",255,0,255,0,"csds_monthly",FALSE
"2026-03-01","2026-03-31","RDY","DORSET HEALTHCARE UNIVERSITY NHS FOUNDATION TRUST","Provider","AgeYr_Referral_ReceivedDate_Gender_PatientWithReferrals","PatientWithReferral","60 to 64","",2,"Female",345,0,345,0,"csds_monthly",FALSE
"2026-03-01","2026-03-31","RDY","DORSET HEALTHCARE UNIVERSITY NHS FOUNDATION TRUST","Provider","AgeYr_Referral_ReceivedDate_Gender_PatientWithReferrals","PatientWithReferral","65 to 69","",1,"Male",275,0,0,275,"csds_monthly",FALSE
"2026-03-01","2026-03-31","RDY","DORSET HEALTHCARE UNIVERSITY NHS FOUNDATION TRUST","Provider","AgeYr_Referral_ReceivedDate_Gender_PatientWithReferrals","PatientWithReferral","65 to 69","",2,"Female",335,0,0,335,"csds_monthly",FALSE
"2026-03-01","2026-03-31","RDY","DORSET HEALTHCARE UNIVERSITY NHS FOUNDATION TRUST","Provider","AgeYr_Referral_ReceivedDate_Gender_PatientWithReferrals","PatientWithReferral","70 to 74","",1,"Male",260,0,0,260,"csds_monthly",FALSE
"2026-03-01","2026-03-31","RDY","DORSET HEALTHCARE UNIVERSITY NHS FOUNDATION TRUST","Provider","AgeYr_Referral_ReceivedDate_Gender_PatientWithReferrals","PatientWithReferral","70 to 74","",2,"Female",360,0,0,360,"csds_monthly",FALSE
"2026-03-01","2026-03-31","RDY","DORSET HEALTHCARE UNIVERSITY NHS FOUNDATION TRUST","Provider","AgeYr_Referral_ReceivedDate_Gender_PatientWithReferrals","PatientWithReferral","75 to 79","",1,"Male",445,0,0,445,"csds_monthly",FALSE
"2026-03-01","2026-03-31","RDY","DORSET HEALTHCARE UNIVERSITY NHS FOUNDATION TRUST","Provider","AgeYr_Referral_ReceivedDate_Gender_PatientWithReferrals","PatientWithReferral","75 to 79","",2,"Female",475,0,0,475,"csds_monthly",FALSE
"2026-03-01","2026-03-31","RDY","DORSET HEALTHCARE UNIVERSITY NHS FOUNDATION TRUST","Provider","AgeYr_Referral_ReceivedDate_Gender_PatientWithReferrals","PatientWithReferral","80 to 84","",1,"Male",375,0,0,375,"csds_monthly",FALSE
"2026-03-01","2026-03-31","RDY","DORSET HEALTHCARE UNIVERSITY NHS FOUNDATION TRUST","Provider","AgeYr_Referral_ReceivedDate_Gender_PatientWithReferrals","PatientWithReferral","80 to 84","",2,"Female",470,0,0,470,"csds_monthly",FALSE
"2026-03-01","2026-03-31","RDY","DORSET HEALTHCARE UNIVERSITY NHS FOUNDATION TRUST","Provider","AgeYr_Referral_ReceivedDate_Gender_PatientWithReferrals","PatientWithReferral","85 to 89","",1,"Male",310,0,0,310,"csds_monthly",FALSE
"2026-03-01","2026-03-31","RDY","DORSET HEALTHCARE UNIVERSITY NHS FOUNDATION TRUST","Provider","AgeYr_Referral_ReceivedDate_Gender_PatientWithReferrals","PatientWithReferral","85 to 89","",2,"Female",430,0,0,430,"csds_monthly",FALSE
"2026-03-01","2026-03-31","RDY","DORSET HEALTHCARE UNIVERSITY NHS FOUNDATION TRUST","Provider","AgeYr_Referral_ReceivedDate_Gender_PatientWithReferrals","PatientWithReferral","90 to 94","",1,"Male",235,0,0,235,"csds_monthly",FALSE
"2026-03-01","2026-03-31","RDY","DORSET HEALTHCARE UNIVERSITY NHS FOUNDATION TRUST","Provider","AgeYr_Referral_ReceivedDate_Gender_PatientWithReferrals","PatientWithReferral","90 to 94","",2,"Female",290,0,0,290,"csds_monthly",FALSE
"2026-03-01","2026-03-31","RDY","DORSET HEALTHCARE UNIVERSITY NHS FOUNDATION TRUST","Provider","AgeYr_Referral_ReceivedDate_Gender_PatientWithReferrals","PatientWithReferral","95 to 99","",1,"Male",50,0,0,50,"csds_monthly",FALSE
"2026-03-01","2026-03-31","RDY","DORSET HEALTHCARE UNIVERSITY NHS FOUNDATION TRUST","Provider","AgeYr_Referral_ReceivedDate_Gender_PatientWithReferrals","PatientWithReferral","95 to 99","",2,"Female",150,0,0,150,"csds_monthly",FALSE
"2026-03-01","2026-03-31","RDY","DORSET HEALTHCARE UNIVERSITY NHS FOUNDATION TRUST","Provider","AgeYr_Referral_ReceivedDate_Gender_Referrals","Referrals","0 to 4","",1,"Male",1070,1070,0,0,"csds_monthly",FALSE
"2026-03-01","2026-03-31","RDY","DORSET HEALTHCARE UNIVERSITY NHS FOUNDATION TRUST","Provider","AgeYr_Referral_ReceivedDate_Gender_Referrals","Referrals","0 to 4","",2,"Female",875,875,0,0,"csds_monthly",FALSE
"2026-03-01","2026-03-31","RDY","DORSET HEALTHCARE UNIVERSITY NHS FOUNDATION TRUST","Provider","AgeYr_Referral_ReceivedDate_Gender_Referrals","Referrals","10 to 14","",1,"Male",165,165,0,0,"csds_monthly",FALSE
"2026-03-01","2026-03-31","RDY","DORSET HEALTHCARE UNIVERSITY NHS FOUNDATION TRUST","Provider","AgeYr_Referral_ReceivedDate_Gender_Referrals","Referrals","10 to 14","",2,"Female",150,150,0,0,"csds_monthly",FALSE
"2026-03-01","2026-03-31","RDY","DORSET HEALTHCARE UNIVERSITY NHS FOUNDATION TRUST","Provider","AgeYr_Referral_ReceivedDate_Gender_Referrals","Referrals","100 to 104","",1,"Male",10,0,0,10,"csds_monthly",FALSE
"2026-03-01","2026-03-31","RDY","DORSET HEALTHCARE UNIVERSITY NHS FOUNDATION TRUST","Provider","AgeYr_Referral_ReceivedDate_Gender_Referrals","Referrals","100 to 104","",2,"Female",20,0,0,20,"csds_monthly",FALSE
"2026-03-01","2026-03-31","RDY","DORSET HEALTHCARE UNIVERSITY NHS FOUNDATION TRUST","Provider","AgeYr_Referral_ReceivedDate_Gender_Referrals","Referrals","105 to 109","",2,"Female",5,0,0,5,"csds_monthly",FALSE
"2026-03-01","2026-03-31","RDY","DORSET HEALTHCARE UNIVERSITY NHS FOUNDATION TRUST","Provider","AgeYr_Referral_ReceivedDate_Gender_Referrals","Referrals","15 to 19","",1,"Male",190,140,50,0,"csds_monthly",FALSE
"2026-03-01","2026-03-31","RDY","DORSET HEALTHCARE UNIVERSITY NHS FOUNDATION TRUST","Provider","AgeYr_Referral_ReceivedDate_Gender_Referrals","Referrals","15 to 19","",2,"Female",220,140,80,0,"csds_monthly",FALSE
"2026-03-01","2026-03-31","RDY","DORSET HEALTHCARE UNIVERSITY NHS FOUNDATION TRUST","Provider","AgeYr_Referral_ReceivedDate_Gender_Referrals","Referrals","20 to 24","",1,"Male",55,0,55,0,"csds_monthly",FALSE
"2026-03-01","2026-03-31","RDY","DORSET HEALTHCARE UNIVERSITY NHS FOUNDATION TRUST","Provider","AgeYr_Referral_ReceivedDate_Gender_Referrals","Referrals","20 to 24","",2,"Female",140,0,140,0,"csds_monthly",FALSE
"2026-03-01","2026-03-31","RDY","DORSET HEALTHCARE UNIVERSITY NHS FOUNDATION TRUST","Provider","AgeYr_Referral_ReceivedDate_Gender_Referrals","Referrals","25 to 29","",1,"Male",65,0,65,0,"csds_monthly",FALSE
"2026-03-01","2026-03-31","RDY","DORSET HEALTHCARE UNIVERSITY NHS FOUNDATION TRUST","Provider","AgeYr_Referral_ReceivedDate_Gender_Referrals","Referrals","25 to 29","",2,"Female",240,0,240,0,"csds_monthly",FALSE
"2026-03-01","2026-03-31","RDY","DORSET HEALTHCARE UNIVERSITY NHS FOUNDATION TRUST","Provider","AgeYr_Referral_ReceivedDate_Gender_Referrals","Referrals","30 to 34","",1,"Male",65,0,65,0,"csds_monthly",FALSE
"2026-03-01","2026-03-31","RDY","DORSET HEALTHCARE UNIVERSITY NHS FOUNDATION TRUST","Provider","AgeYr_Referral_ReceivedDate_Gender_Referrals","Referrals","30 to 34","",2,"Female",345,0,345,0,"csds_monthly",FALSE
"2026-03-01","2026-03-31","RDY","DORSET HEALTHCARE UNIVERSITY NHS FOUNDATION TRUST","Provider","AgeYr_Referral_ReceivedDate_Gender_Referrals","Referrals","35 to 39","",1,"Male",110,0,110,0,"csds_monthly",FALSE
"2026-03-01","2026-03-31","RDY","DORSET HEALTHCARE UNIVERSITY NHS FOUNDATION TRUST","Provider","AgeYr_Referral_ReceivedDate_Gender_Referrals","Referrals","35 to 39","",2,"Female",280,0,280,0,"csds_monthly",FALSE
"2026-03-01","2026-03-31","RDY","DORSET HEALTHCARE UNIVERSITY NHS FOUNDATION TRUST","Provider","AgeYr_Referral_ReceivedDate_Gender_Referrals","Referrals","40 to 44","",1,"Male",110,0,110,0,"csds_monthly",FALSE
"2026-03-01","2026-03-31","RDY","DORSET HEALTHCARE UNIVERSITY NHS FOUNDATION TRUST","Provider","AgeYr_Referral_ReceivedDate_Gender_Referrals","Referrals","40 to 44","",2,"Female",215,0,215,0,"csds_monthly",FALSE
"2026-03-01","2026-03-31","RDY","DORSET HEALTHCARE UNIVERSITY NHS FOUNDATION TRUST","Provider","AgeYr_Referral_ReceivedDate_Gender_Referrals","Referrals","45 to 49","",1,"Male",135,0,135,0,"csds_monthly",FALSE
"2026-03-01","2026-03-31","RDY","DORSET HEALTHCARE UNIVERSITY NHS FOUNDATION TRUST","Provider","AgeYr_Referral_ReceivedDate_Gender_Referrals","Referrals","45 to 49","",2,"Female",190,0,190,0,"csds_monthly",FALSE
"2026-03-01","2026-03-31","RDY","DORSET HEALTHCARE UNIVERSITY NHS FOUNDATION TRUST","Provider","AgeYr_Referral_ReceivedDate_Gender_Referrals","Referrals","5 to 9","",1,"Male",200,200,0,0,"csds_monthly",FALSE
"2026-03-01","2026-03-31","RDY","DORSET HEALTHCARE UNIVERSITY NHS FOUNDATION TRUST","Provider","AgeYr_Referral_ReceivedDate_Gender_Referrals","Referrals","5 to 9","",2,"Female",145,145,0,0,"csds_monthly",FALSE
"2026-03-01","2026-03-31","RDY","DORSET HEALTHCARE UNIVERSITY NHS FOUNDATION TRUST","Provider","AgeYr_Referral_ReceivedDate_Gender_Referrals","Referrals","50 to 54","",1,"Male",185,0,185,0,"csds_monthly",FALSE
"2026-03-01","2026-03-31","RDY","DORSET HEALTHCARE UNIVERSITY NHS FOUNDATION TRUST","Provider","AgeYr_Referral_ReceivedDate_Gender_Referrals","Referrals","50 to 54","",2,"Female",245,0,245,0,"csds_monthly",FALSE
"2026-03-01","2026-03-31","RDY","DORSET HEALTHCARE UNIVERSITY NHS FOUNDATION TRUST","Provider","AgeYr_Referral_ReceivedDate_Gender_Referrals","Referrals","55 to 59","",1,"Male",225,0,225,0,"csds_monthly",FALSE
"2026-03-01","2026-03-31","RDY","DORSET HEALTHCARE UNIVERSITY NHS FOUNDATION TRUST","Provider","AgeYr_Referral_ReceivedDate_Gender_Referrals","Referrals","55 to 59","",2,"Female",325,0,325,0,"csds_monthly",FALSE
"2026-03-01","2026-03-31","RDY","DORSET HEALTHCARE UNIVERSITY NHS FOUNDATION TRUST","Provider","AgeYr_Referral_ReceivedDate_Gender_Referrals","Referrals","60 to 64","",1,"Male",285,0,285,0,"csds_monthly",FALSE
"2026-03-01","2026-03-31","RDY","DORSET HEALTHCARE UNIVERSITY NHS FOUNDATION TRUST","Provider","AgeYr_Referral_ReceivedDate_Gender_Referrals","Referrals","60 to 64","",2,"Female",375,0,375,0,"csds_monthly",FALSE
"2026-03-01","2026-03-31","RDY","DORSET HEALTHCARE UNIVERSITY NHS FOUNDATION TRUST","Provider","AgeYr_Referral_ReceivedDate_Gender_Referrals","Referrals","65 to 69","",1,"Male",340,0,0,340,"csds_monthly",FALSE
"2026-03-01","2026-03-31","RDY","DORSET HEALTHCARE UNIVERSITY NHS FOUNDATION TRUST","Provider","AgeYr_Referral_ReceivedDate_Gender_Referrals","Referrals","65 to 69","",2,"Female",365,0,0,365,"csds_monthly",FALSE
"2026-03-01","2026-03-31","RDY","DORSET HEALTHCARE UNIVERSITY NHS FOUNDATION TRUST","Provider","AgeYr_Referral_ReceivedDate_Gender_Referrals","Referrals","70 to 74","",1,"Male",305,0,0,305,"csds_monthly",FALSE
"2026-03-01","2026-03-31","RDY","DORSET HEALTHCARE UNIVERSITY NHS FOUNDATION TRUST","Provider","AgeYr_Referral_ReceivedDate_Gender_Referrals","Referrals","70 to 74","",2,"Female",410,0,0,410,"csds_monthly",FALSE
"2026-03-01","2026-03-31","RDY","DORSET HEALTHCARE UNIVERSITY NHS FOUNDATION TRUST","Provider","AgeYr_Referral_ReceivedDate_Gender_Referrals","Referrals","75 to 79","",1,"Male",550,0,0,550,"csds_monthly",FALSE
"2026-03-01","2026-03-31","RDY","DORSET HEALTHCARE UNIVERSITY NHS FOUNDATION TRUST","Provider","AgeYr_Referral_ReceivedDate_Gender_Referrals","Referrals","75 to 79","",2,"Female",535,0,0,535,"csds_monthly",FALSE
"2026-03-01","2026-03-31","RDY","DORSET HEALTHCARE UNIVERSITY NHS FOUNDATION TRUST","Provider","AgeYr_Referral_ReceivedDate_Gender_Referrals","Referrals","80 to 84","",1,"Male",465,0,0,465,"csds_monthly",FALSE
"2026-03-01","2026-03-31","RDY","DORSET HEALTHCARE UNIVERSITY NHS FOUNDATION TRUST","Provider","AgeYr_Referral_ReceivedDate_Gender_Referrals","Referrals","80 to 84","",2,"Female",550,0,0,550,"csds_monthly",FALSE
"2026-03-01","2026-03-31","RDY","DORSET HEALTHCARE UNIVERSITY NHS FOUNDATION TRUST","Provider","AgeYr_Referral_ReceivedDate_Gender_Referrals","Referrals","85 to 89","",1,"Male",400,0,0,400,"csds_monthly",FALSE
"2026-03-01","2026-03-31","RDY","DORSET HEALTHCARE UNIVERSITY NHS FOUNDATION TRUST","Provider","AgeYr_Referral_ReceivedDate_Gender_Referrals","Referrals","85 to 89","",2,"Female",520,0,0,520,"csds_monthly",FALSE
"2026-03-01","2026-03-31","RDY","DORSET HEALTHCARE UNIVERSITY NHS FOUNDATION TRUST","Provider","AgeYr_Referral_ReceivedDate_Gender_Referrals","Referrals","90 to 94","",1,"Male",340,0,0,340,"csds_monthly",FALSE
"2026-03-01","2026-03-31","RDY","DORSET HEALTHCARE UNIVERSITY NHS FOUNDATION TRUST","Provider","AgeYr_Referral_ReceivedDate_Gender_Referrals","Referrals","90 to 94","",2,"Female",380,0,0,380,"csds_monthly",FALSE
"2026-03-01","2026-03-31","RDY","DORSET HEALTHCARE UNIVERSITY NHS FOUNDATION TRUST","Provider","AgeYr_Referral_ReceivedDate_Gender_Referrals","Referrals","95 to 99","",1,"Male",60,0,0,60,"csds_monthly",FALSE
"2026-03-01","2026-03-31","RDY","DORSET HEALTHCARE UNIVERSITY NHS FOUNDATION TRUST","Provider","AgeYr_Referral_ReceivedDate_Gender_Referrals","Referrals","95 to 99","",2,"Female",195,0,0,195,"csds_monthly",FALSE
"2026-03-01","2026-03-31","RDY","DORSET HEALTHCARE UNIVERSITY NHS FOUNDATION TRUST","Provider","AgeYr_Referral_ReceivedDate_Group_PrimaryReferralReason","Referrals","0 to 4","",12,"Cleft Palate",5,5,0,0,"csds_monthly",FALSE
"2026-03-01","2026-03-31","RDY","DORSET HEALTHCARE UNIVERSITY NHS FOUNDATION TRUST","Provider","AgeYr_Referral_ReceivedDate_Group_PrimaryReferralReason","Referrals","0 to 4","",25,"Emotional/Behavioural Problems",15,15,0,0,"csds_monthly",FALSE
"2026-03-01","2026-03-31","RDY","DORSET HEALTHCARE UNIVERSITY NHS FOUNDATION TRUST","Provider","AgeYr_Referral_ReceivedDate_Group_PrimaryReferralReason","Referrals","0 to 4","",31,"Family Support",15,15,0,0,"csds_monthly",FALSE
"2026-03-01","2026-03-31","RDY","DORSET HEALTHCARE UNIVERSITY NHS FOUNDATION TRUST","Provider","AgeYr_Referral_ReceivedDate_Group_PrimaryReferralReason","Referrals","0 to 4","",32,"Feeding/Swallowing Problems",15,15,0,0,"csds_monthly",FALSE
"2026-03-01","2026-03-31","RDY","DORSET HEALTHCARE UNIVERSITY NHS FOUNDATION TRUST","Provider","AgeYr_Referral_ReceivedDate_Group_PrimaryReferralReason","Referrals","0 to 4","",39,"Looked After Children",25,25,0,0,"csds_monthly",FALSE
"2026-03-01","2026-03-31","RDY","DORSET HEALTHCARE UNIVERSITY NHS FOUNDATION TRUST","Provider","AgeYr_Referral_ReceivedDate_Group_PrimaryReferralReason","Referrals","0 to 4","",42,"Mobility Problems",5,5,0,0,"csds_monthly",FALSE
"2026-03-01","2026-03-31","RDY","DORSET HEALTHCARE UNIVERSITY NHS FOUNDATION TRUST","Provider","AgeYr_Referral_ReceivedDate_Group_PrimaryReferralReason","Referrals","0 to 4","",46,"Nutrition and Dietetics",55,55,0,0,"csds_monthly",FALSE
"2026-03-01","2026-03-31","RDY","DORSET HEALTHCARE UNIVERSITY NHS FOUNDATION TRUST","Provider","AgeYr_Referral_ReceivedDate_Group_PrimaryReferralReason","Referrals","0 to 4","",58,"Safeguarding",50,50,0,0,"csds_monthly",FALSE
"2026-03-01","2026-03-31","RDY","DORSET HEALTHCARE UNIVERSITY NHS FOUNDATION TRUST","Provider","AgeYr_Referral_ReceivedDate_Group_PrimaryReferralReason","Referrals","0 to 4","",59,"Skin Problems",5,5,0,0,"csds_monthly",FALSE
"2026-03-01","2026-03-31","RDY","DORSET HEALTHCARE UNIVERSITY NHS FOUNDATION TRUST","Provider","AgeYr_Referral_ReceivedDate_Group_PrimaryReferralReason","Referrals","0 to 4","",62,"Speech and Language Problems",190,190,0,0,"csds_monthly",FALSE
"2026-03-01","2026-03-31","RDY","DORSET HEALTHCARE UNIVERSITY NHS FOUNDATION TRUST","Provider","AgeYr_Referral_ReceivedDate_Group_PrimaryReferralReason","Referrals","0 to 4","",71,"Multiple Complex Communication Difficulties",30,30,0,0,"csds_monthly",FALSE
"2026-03-01","2026-03-31","RDY","DORSET HEALTHCARE UNIVERSITY NHS FOUNDATION TRUST","Provider","AgeYr_Referral_ReceivedDate_Group_PrimaryReferralReason","Referrals","0 to 4","",82,"Maternal Mood Problems",50,50,0,0,"csds_monthly",FALSE
"2026-03-01","2026-03-31","RDY","DORSET HEALTHCARE UNIVERSITY NHS FOUNDATION TRUST","Provider","AgeYr_Referral_ReceivedDate_Group_PrimaryReferralReason","Referrals","10 to 14","",15,"Continence Problems",15,15,0,0,"csds_monthly",FALSE
"2026-03-01","2026-03-31","RDY","DORSET HEALTHCARE UNIVERSITY NHS FOUNDATION TRUST","Provider","AgeYr_Referral_ReceivedDate_Group_PrimaryReferralReason","Referrals","10 to 14","",17,"Developmental Problems",5,5,0,0,"csds_monthly",FALSE
"2026-03-01","2026-03-31","RDY","DORSET HEALTHCARE UNIVERSITY NHS FOUNDATION TRUST","Provider","AgeYr_Referral_ReceivedDate_Group_PrimaryReferralReason","Referrals","10 to 14","",32,"Feeding/Swallowing Problems",5,5,0,0,"csds_monthly",FALSE
"2026-03-01","2026-03-31","RDY","DORSET HEALTHCARE UNIVERSITY NHS FOUNDATION TRUST","Provider","AgeYr_Referral_ReceivedDate_Group_PrimaryReferralReason","Referrals","10 to 14","",39,"Looked After Children",15,15,0,0,"csds_monthly",FALSE
"2026-03-01","2026-03-31","RDY","DORSET HEALTHCARE UNIVERSITY NHS FOUNDATION TRUST","Provider","AgeYr_Referral_ReceivedDate_Group_PrimaryReferralReason","Referrals","10 to 14","",42,"Mobility Problems",5,5,0,0,"csds_monthly",FALSE
"2026-03-01","2026-03-31","RDY","DORSET HEALTHCARE UNIVERSITY NHS FOUNDATION TRUST","Provider","AgeYr_Referral_ReceivedDate_Group_PrimaryReferralReason","Referrals","10 to 14","",43,"Musculoskeletal Problems",5,5,0,0,"csds_monthly",FALSE
"2026-03-01","2026-03-31","RDY","DORSET HEALTHCARE UNIVERSITY NHS FOUNDATION TRUST","Provider","AgeYr_Referral_ReceivedDate_Group_PrimaryReferralReason","Referrals","10 to 14","",46,"Nutrition and Dietetics",10,10,0,0,"csds_monthly",FALSE
"2026-03-01","2026-03-31","RDY","DORSET HEALTHCARE UNIVERSITY NHS FOUNDATION TRUST","Provider","AgeYr_Referral_ReceivedDate_Group_PrimaryReferralReason","Referrals","10 to 14","",59,"Skin Problems",5,5,0,0,"csds_monthly",FALSE
"2026-03-01","2026-03-31","RDY","DORSET HEALTHCARE UNIVERSITY NHS FOUNDATION TRUST","Provider","AgeYr_Referral_ReceivedDate_Group_PrimaryReferralReason","Referrals","10 to 14","",62,"Speech and Language Problems",65,65,0,0,"csds_monthly",FALSE
"2026-03-01","2026-03-31","RDY","DORSET HEALTHCARE UNIVERSITY NHS FOUNDATION TRUST","Provider","AgeYr_Referral_ReceivedDate_Group_PrimaryReferralReason","Referrals","10 to 14","",71,"Multiple Complex Communication Difficulties",15,15,0,0,"csds_monthly",FALSE
"2026-03-01","2026-03-31","RDY","DORSET HEALTHCARE UNIVERSITY NHS FOUNDATION TRUST","Provider","AgeYr_Referral_ReceivedDate_Group_PrimaryReferralReason","Referrals","10 to 14","",78,"Minor Surgery",5,5,0,0,"csds_monthly",FALSE
"2026-03-01","2026-03-31","RDY","DORSET HEALTHCARE UNIVERSITY NHS FOUNDATION TRUST","Provider","AgeYr_Referral_ReceivedDate_Group_PrimaryReferralReason","Referrals","100 to 104","",1,"Accident/Trauma",5,0,0,5,"csds_monthly",FALSE
"2026-03-01","2026-03-31","RDY","DORSET HEALTHCARE UNIVERSITY NHS FOUNDATION TRUST","Provider","AgeYr_Referral_ReceivedDate_Group_PrimaryReferralReason","Referrals","100 to 104","",15,"Continence Problems",15,0,0,15,"csds_monthly",FALSE
"2026-03-01","2026-03-31","RDY","DORSET HEALTHCARE UNIVERSITY NHS FOUNDATION TRUST","Provider","AgeYr_Referral_ReceivedDate_Group_PrimaryReferralReason","Referrals","100 to 104","",26,"End of Life Support",5,0,0,5,"csds_monthly",FALSE
"2026-03-01","2026-03-31","RDY","DORSET HEALTHCARE UNIVERSITY NHS FOUNDATION TRUST","Provider","AgeYr_Referral_ReceivedDate_Group_PrimaryReferralReason","Referrals","100 to 104","",30,"Falls Risk",5,0,0,5,"csds_monthly",FALSE
"2026-03-01","2026-03-31","RDY","DORSET HEALTHCARE UNIVERSITY NHS FOUNDATION TRUST","Provider","AgeYr_Referral_ReceivedDate_Group_PrimaryReferralReason","Referrals","100 to 104","",32,"Feeding/Swallowing Problems",5,0,0,5,"csds_monthly",FALSE
"2026-03-01","2026-03-31","RDY","DORSET HEALTHCARE UNIVERSITY NHS FOUNDATION TRUST","Provider","AgeYr_Referral_ReceivedDate_Group_PrimaryReferralReason","Referrals","100 to 104","",49,"Pain/Symptom Control",5,0,0,5,"csds_monthly",FALSE
"2026-03-01","2026-03-31","RDY","DORSET HEALTHCARE UNIVERSITY NHS FOUNDATION TRUST","Provider","AgeYr_Referral_ReceivedDate_Group_PrimaryReferralReason","Referrals","100 to 104","",999,"Reason for referral not known",10,0,0,10,"csds_monthly",FALSE
"2026-03-01","2026-03-31","RDY","DORSET HEALTHCARE UNIVERSITY NHS FOUNDATION TRUST","Provider","AgeYr_Referral_ReceivedDate_Group_PrimaryReferralReason","Referrals","105 to 109","",49,"Pain/Symptom Control",5,0,0,5,"csds_monthly",FALSE
"2026-03-01","2026-03-31","RDY","DORSET HEALTHCARE UNIVERSITY NHS FOUNDATION TRUST","Provider","AgeYr_Referral_ReceivedDate_Group_PrimaryReferralReason","Referrals","105 to 109","",999,"Reason for referral not known",5,0,0,5,"csds_monthly",FALSE
"2026-03-01","2026-03-31","RDY","DORSET HEALTHCARE UNIVERSITY NHS FOUNDATION TRUST","Provider","AgeYr_Referral_ReceivedDate_Group_PrimaryReferralReason","Referrals","15 to 19","",2,"Alopecia",5,0,5,0,"csds_monthly",FALSE
"2026-03-01","2026-03-31","RDY","DORSET HEALTHCARE UNIVERSITY NHS FOUNDATION TRUST","Provider","AgeYr_Referral_ReceivedDate_Group_PrimaryReferralReason","Referrals","15 to 19","",11,"Cerebral Palsy",5,0,5,0,"csds_monthly",FALSE
"2026-03-01","2026-03-31","RDY","DORSET HEALTHCARE UNIVERSITY NHS FOUNDATION TRUST","Provider","AgeYr_Referral_ReceivedDate_Group_PrimaryReferralReason","Referrals","15 to 19","",15,"Continence Problems",5,5,5,0,"csds_monthly",FALSE
"2026-03-01","2026-03-31","RDY","DORSET HEALTHCARE UNIVERSITY NHS FOUNDATION TRUST","Provider","AgeYr_Referral_ReceivedDate_Group_PrimaryReferralReason","Referrals","15 to 19","",17,"Developmental Problems",5,5,0,0,"csds_monthly",FALSE
"2026-03-01","2026-03-31","RDY","DORSET HEALTHCARE UNIVERSITY NHS FOUNDATION TRUST","Provider","AgeYr_Referral_ReceivedDate_Group_PrimaryReferralReason","Referrals","15 to 19","",32,"Feeding/Swallowing Problems",5,5,0,0,"csds_monthly",FALSE
"2026-03-01","2026-03-31","RDY","DORSET HEALTHCARE UNIVERSITY NHS FOUNDATION TRUST","Provider","AgeYr_Referral_ReceivedDate_Group_PrimaryReferralReason","Referrals","15 to 19","",39,"Looked After Children",15,15,0,0,"csds_monthly",FALSE
"2026-03-01","2026-03-31","RDY","DORSET HEALTHCARE UNIVERSITY NHS FOUNDATION TRUST","Provider","AgeYr_Referral_ReceivedDate_Group_PrimaryReferralReason","Referrals","15 to 19","",42,"Mobility Problems",5,5,0,0,"csds_monthly",FALSE
"2026-03-01","2026-03-31","RDY","DORSET HEALTHCARE UNIVERSITY NHS FOUNDATION TRUST","Provider","AgeYr_Referral_ReceivedDate_Group_PrimaryReferralReason","Referrals","15 to 19","",43,"Musculoskeletal Problems",45,40,5,0,"csds_monthly",FALSE
"2026-03-01","2026-03-31","RDY","DORSET HEALTHCARE UNIVERSITY NHS FOUNDATION TRUST","Provider","AgeYr_Referral_ReceivedDate_Group_PrimaryReferralReason","Referrals","15 to 19","",46,"Nutrition and Dietetics",5,5,5,0,"csds_monthly",FALSE
"2026-03-01","2026-03-31","RDY","DORSET HEALTHCARE UNIVERSITY NHS FOUNDATION TRUST","Provider","AgeYr_Referral_ReceivedDate_Group_PrimaryReferralReason","Referrals","15 to 19","",49,"Pain/Symptom Control",5,5,5,0,"csds_monthly",FALSE
"2026-03-01","2026-03-31","RDY","DORSET HEALTHCARE UNIVERSITY NHS FOUNDATION TRUST","Provider","AgeYr_Referral_ReceivedDate_Group_PrimaryReferralReason","Referrals","15 to 19","",59,"Skin Problems",15,10,5,0,"csds_monthly",FALSE
"2026-03-01","2026-03-31","RDY","DORSET HEALTHCARE UNIVERSITY NHS FOUNDATION TRUST","Provider","AgeYr_Referral_ReceivedDate_Group_PrimaryReferralReason","Referrals","15 to 19","",62,"Speech and Language Problems",20,20,5,0,"csds_monthly",FALSE
"2026-03-01","2026-03-31","RDY","DORSET HEALTHCARE UNIVERSITY NHS FOUNDATION TRUST","Provider","AgeYr_Referral_ReceivedDate_Group_PrimaryReferralReason","Referrals","15 to 19","",71,"Multiple Complex Communication Difficulties",10,10,0,0,"csds_monthly",FALSE
"2026-03-01","2026-03-31","RDY","DORSET HEALTHCARE UNIVERSITY NHS FOUNDATION TRUST","Provider","AgeYr_Referral_ReceivedDate_Group_PrimaryReferralReason","Referrals","15 to 19","",78,"Minor Surgery",5,5,0,0,"csds_monthly",FALSE
"2026-03-01","2026-03-31","RDY","DORSET HEALTHCARE UNIVERSITY NHS FOUNDATION TRUST","Provider","AgeYr_Referral_ReceivedDate_Group_PrimaryReferralReason","Referrals","15 to 19","",999,"Reason for referral not known",5,5,0,0,"csds_monthly",FALSE
"2026-03-01","2026-03-31","RDY","DORSET HEALTHCARE UNIVERSITY NHS FOUNDATION TRUST","Provider","AgeYr_Referral_ReceivedDate_Group_PrimaryReferralReason","Referrals","20 to 24","",15,"Continence Problems",5,0,5,0,"csds_monthly",FALSE
"2026-03-01","2026-03-31","RDY","DORSET HEALTHCARE UNIVERSITY NHS FOUNDATION TRUST","Provider","AgeYr_Referral_ReceivedDate_Group_PrimaryReferralReason","Referrals","20 to 24","",18,"Diabetes",5,0,5,0,"csds_monthly",FALSE
"2026-03-01","2026-03-31","RDY","DORSET HEALTHCARE UNIVERSITY NHS FOUNDATION TRUST","Provider","AgeYr_Referral_ReceivedDate_Group_PrimaryReferralReason","Referrals","20 to 24","",26,"End of Life Support",5,0,5,0,"csds_monthly",FALSE
"2026-03-01","2026-03-31","RDY","DORSET HEALTHCARE UNIVERSITY NHS FOUNDATION TRUST","Provider","AgeYr_Referral_ReceivedDate_Group_PrimaryReferralReason","Referrals","20 to 24","",39,"Looked After Children",5,0,5,0,"csds_monthly",FALSE
"2026-03-01","2026-03-31","RDY","DORSET HEALTHCARE UNIVERSITY NHS FOUNDATION TRUST","Provider","AgeYr_Referral_ReceivedDate_Group_PrimaryReferralReason","Referrals","20 to 24","",42,"Mobility Problems",5,0,5,0,"csds_monthly",FALSE
"2026-03-01","2026-03-31","RDY","DORSET HEALTHCARE UNIVERSITY NHS FOUNDATION TRUST","Provider","AgeYr_Referral_ReceivedDate_Group_PrimaryReferralReason","Referrals","20 to 24","",43,"Musculoskeletal Problems",55,0,55,0,"csds_monthly",FALSE
"2026-03-01","2026-03-31","RDY","DORSET HEALTHCARE UNIVERSITY NHS FOUNDATION TRUST","Provider","AgeYr_Referral_ReceivedDate_Group_PrimaryReferralReason","Referrals","20 to 24","",46,"Nutrition and Dietetics",5,0,5,0,"csds_monthly",FALSE
"2026-03-01","2026-03-31","RDY","DORSET HEALTHCARE UNIVERSITY NHS FOUNDATION TRUST","Provider","AgeYr_Referral_ReceivedDate_Group_PrimaryReferralReason","Referrals","20 to 24","",49,"Pain/Symptom Control",10,0,10,0,"csds_monthly",FALSE
"2026-03-01","2026-03-31","RDY","DORSET HEALTHCARE UNIVERSITY NHS FOUNDATION TRUST","Provider","AgeYr_Referral_ReceivedDate_Group_PrimaryReferralReason","Referrals","20 to 24","",58,"Safeguarding",5,0,5,0,"csds_monthly",FALSE
"2026-03-01","2026-03-31","RDY","DORSET HEALTHCARE UNIVERSITY NHS FOUNDATION TRUST","Provider","AgeYr_Referral_ReceivedDate_Group_PrimaryReferralReason","Referrals","20 to 24","",59,"Skin Problems",5,0,5,0,"csds_monthly",FALSE
"2026-03-01","2026-03-31","RDY","DORSET HEALTHCARE UNIVERSITY NHS FOUNDATION TRUST","Provider","AgeYr_Referral_ReceivedDate_Group_PrimaryReferralReason","Referrals","20 to 24","",78,"Minor Surgery",5,0,5,0,"csds_monthly",FALSE
"2026-03-01","2026-03-31","RDY","DORSET HEALTHCARE UNIVERSITY NHS FOUNDATION TRUST","Provider","AgeYr_Referral_ReceivedDate_Group_PrimaryReferralReason","Referrals","20 to 24","",82,"Maternal Mood Problems",5,0,5,0,"csds_monthly",FALSE
"2026-03-01","2026-03-31","RDY","DORSET HEALTHCARE UNIVERSITY NHS FOUNDATION TRUST","Provider","AgeYr_Referral_ReceivedDate_Group_PrimaryReferralReason","Referrals","20 to 24","",999,"Reason for referral not known",5,0,5,0,"csds_monthly",FALSE
"2026-03-01","2026-03-31","RDY","DORSET HEALTHCARE UNIVERSITY NHS FOUNDATION TRUST","Provider","AgeYr_Referral_ReceivedDate_Group_PrimaryReferralReason","Referrals","25 to 29","",3,"Antenatal Care",5,0,5,0,"csds_monthly",FALSE
"2026-03-01","2026-03-31","RDY","DORSET HEALTHCARE UNIVERSITY NHS FOUNDATION TRUST","Provider","AgeYr_Referral_ReceivedDate_Group_PrimaryReferralReason","Referrals","25 to 29","",15,"Continence Problems",5,0,5,0,"csds_monthly",FALSE
"2026-03-01","2026-03-31","RDY","DORSET HEALTHCARE UNIVERSITY NHS FOUNDATION TRUST","Provider","AgeYr_Referral_ReceivedDate_Group_PrimaryReferralReason","Referrals","25 to 29","",18,"Diabetes",5,0,5,0,"csds_monthly",FALSE
"2026-03-01","2026-03-31","RDY","DORSET HEALTHCARE UNIVERSITY NHS FOUNDATION TRUST","Provider","AgeYr_Referral_ReceivedDate_Group_PrimaryReferralReason","Referrals","25 to 29","",26,"End of Life Support",5,0,5,0,"csds_monthly",FALSE
"2026-03-01","2026-03-31","RDY","DORSET HEALTHCARE UNIVERSITY NHS FOUNDATION TRUST","Provider","AgeYr_Referral_ReceivedDate_Group_PrimaryReferralReason","Referrals","25 to 29","",32,"Feeding/Swallowing Problems",5,0,5,0,"csds_monthly",FALSE
"2026-03-01","2026-03-31","RDY","DORSET HEALTHCARE UNIVERSITY NHS FOUNDATION TRUST","Provider","AgeYr_Referral_ReceivedDate_Group_PrimaryReferralReason","Referrals","25 to 29","",42,"Mobility Problems",5,0,5,0,"csds_monthly",FALSE
"2026-03-01","2026-03-31","RDY","DORSET HEALTHCARE UNIVERSITY NHS FOUNDATION TRUST","Provider","AgeYr_Referral_ReceivedDate_Group_PrimaryReferralReason","Referrals","25 to 29","",43,"Musculoskeletal Problems",65,0,65,0,"csds_monthly",FALSE
"2026-03-01","2026-03-31","RDY","DORSET HEALTHCARE UNIVERSITY NHS FOUNDATION TRUST","Provider","AgeYr_Referral_ReceivedDate_Group_PrimaryReferralReason","Referrals","25 to 29","",46,"Nutrition and Dietetics",10,0,10,0,"csds_monthly",FALSE
"2026-03-01","2026-03-31","RDY","DORSET HEALTHCARE UNIVERSITY NHS FOUNDATION TRUST","Provider","AgeYr_Referral_ReceivedDate_Group_PrimaryReferralReason","Referrals","25 to 29","",49,"Pain/Symptom Control",20,0,20,0,"csds_monthly",FALSE
"2026-03-01","2026-03-31","RDY","DORSET HEALTHCARE UNIVERSITY NHS FOUNDATION TRUST","Provider","AgeYr_Referral_ReceivedDate_Group_PrimaryReferralReason","Referrals","25 to 29","",59,"Skin Problems",5,0,5,0,"csds_monthly",FALSE
"2026-03-01","2026-03-31","RDY","DORSET HEALTHCARE UNIVERSITY NHS FOUNDATION TRUST","Provider","AgeYr_Referral_ReceivedDate_Group_PrimaryReferralReason","Referrals","25 to 29","",78,"Minor Surgery",5,0,5,0,"csds_monthly",FALSE
"2026-03-01","2026-03-31","RDY","DORSET HEALTHCARE UNIVERSITY NHS FOUNDATION TRUST","Provider","AgeYr_Referral_ReceivedDate_Group_PrimaryReferralReason","Referrals","25 to 29","",82,"Maternal Mood Problems",5,0,5,0,"csds_monthly",FALSE
"2026-03-01","2026-03-31","RDY","DORSET HEALTHCARE UNIVERSITY NHS FOUNDATION TRUST","Provider","AgeYr_Referral_ReceivedDate_Group_PrimaryReferralReason","Referrals","25 to 29","",999,"Reason for referral not known",5,0,5,0,"csds_monthly",FALSE
"2026-03-01","2026-03-31","RDY","DORSET HEALTHCARE UNIVERSITY NHS FOUNDATION TRUST","Provider","AgeYr_Referral_ReceivedDate_Group_PrimaryReferralReason","Referrals","30 to 34","",1,"Accident/Trauma",5,0,5,0,"csds_monthly",FALSE
"2026-03-01","2026-03-31","RDY","DORSET HEALTHCARE UNIVERSITY NHS FOUNDATION TRUST","Provider","AgeYr_Referral_ReceivedDate_Group_PrimaryReferralReason","Referrals","30 to 34","",2,"Alopecia",5,0,5,0,"csds_monthly",FALSE
"2026-03-01","2026-03-31","RDY","DORSET HEALTHCARE UNIVERSITY NHS FOUNDATION TRUST","Provider","AgeYr_Referral_ReceivedDate_Group_PrimaryReferralReason","Referrals","30 to 34","",15,"Continence Problems",10,0,10,0,"csds_monthly",FALSE
"2026-03-01","2026-03-31","RDY","DORSET HEALTHCARE UNIVERSITY NHS FOUNDATION TRUST","Provider","AgeYr_Referral_ReceivedDate_Group_PrimaryReferralReason","Referrals","30 to 34","",18,"Diabetes",5,0,5,0,"csds_monthly",FALSE
"2026-03-01","2026-03-31","RDY","DORSET HEALTHCARE UNIVERSITY NHS FOUNDATION TRUST","Provider","AgeYr_Referral_ReceivedDate_Group_PrimaryReferralReason","Referrals","30 to 34","",42,"Mobility Problems",5,0,5,0,"csds_monthly",FALSE
"2026-03-01","2026-03-31","RDY","DORSET HEALTHCARE UNIVERSITY NHS FOUNDATION TRUST","Provider","AgeYr_Referral_ReceivedDate_Group_PrimaryReferralReason","Referrals","30 to 34","",43,"Musculoskeletal Problems",85,0,85,0,"csds_monthly",FALSE
"2026-03-01","2026-03-31","RDY","DORSET HEALTHCARE UNIVERSITY NHS FOUNDATION TRUST","Provider","AgeYr_Referral_ReceivedDate_Group_PrimaryReferralReason","Referrals","30 to 34","",46,"Nutrition and Dietetics",5,0,5,0,"csds_monthly",FALSE
"2026-03-01","2026-03-31","RDY","DORSET HEALTHCARE UNIVERSITY NHS FOUNDATION TRUST","Provider","AgeYr_Referral_ReceivedDate_Group_PrimaryReferralReason","Referrals","30 to 34","",49,"Pain/Symptom Control",10,0,10,0,"csds_monthly",FALSE
"2026-03-01","2026-03-31","RDY","DORSET HEALTHCARE UNIVERSITY NHS FOUNDATION TRUST","Provider","AgeYr_Referral_ReceivedDate_Group_PrimaryReferralReason","Referrals","30 to 34","",59,"Skin Problems",5,0,5,0,"csds_monthly",FALSE
