"REPORTING_PERIOD_START","REPORTING_PERIOD_END","GROUP_TYPE","ORG_CODE1","ORG_NAME1","ORG_CODE2","ORG_NAME2","MEASURE_ID","MEASURE_NAME","MEASURE_VALUE"
"2025-04-01","2025-04-30","Provider","all","all SubICBs","RDY","DORSET HEALTHCARE UNIVERSITY NHS FOUNDATION TRUST","M001","Count_ReferralsReceived","1685"
"2025-04-01","2025-04-30","Provider","all","all SubICBs","RDY","DORSET HEALTHCARE UNIVERSITY NHS FOUNDATION TRUST","M031","Count_AccessingServices","1285"
"2025-04-01","2025-04-30","Provider","all","all SubICBs","RDY","DORSET HEALTHCARE UNIVERSITY NHS FOUNDATION TRUST","M053","Percentage_AccessingServices6WeeksFinishedCourseTreatment","98"
"2025-04-01","2025-04-30","Provider","all","all SubICBs","RDY","DORSET HEALTHCARE UNIVERSITY NHS FOUNDATION TRUST","M055","Percentage_AccessingServices18WeeksFinishedCourseTreatment","100"
"2025-04-01","2025-04-30","Provider","all","all SubICBs","RDY","DORSET HEALTHCARE UNIVERSITY NHS FOUNDATION TRUST","M056","Count_EndedReferrals","1990"
"2025-04-01","2025-04-30","Provider","all","all SubICBs","RDY","DORSET HEALTHCARE UNIVERSITY NHS FOUNDATION TRUST","M076","Count_FinishedCourseTreatment","1050"
"2025-04-01","2025-04-30","Provider","all","all SubICBs","RDY","DORSET HEALTHCARE UNIVERSITY NHS FOUNDATION TRUST","M1010","Percentage_ReliableDeterioration","5"
"2025-04-01","2025-04-30","Provider","all","all SubICBs","RDY","DORSET HEALTHCARE UNIVERSITY NHS FOUNDATION TRUST","M186","Percentage_ReliableImprovement","72"
"2025-04-01","2025-04-30","Provider","all","all SubICBs","RDY","DORSET HEALTHCARE UNIVERSITY NHS FOUNDATION TRUST","M189","Count_ReliableDeterioration","55"
"2025-04-01","2025-04-30","Provider","all","all SubICBs","RDY","DORSET HEALTHCARE UNIVERSITY NHS FOUNDATION TRUST","M192","Percentage_Recovery","49"
"2025-04-01","2025-04-30","Provider","all","all SubICBs","RDY","DORSET HEALTHCARE UNIVERSITY NHS FOUNDATION TRUST","M195","Percentage_ReliableRecovery","47"
"2025-04-01","2025-04-30","SubICB/Provider","11J","NHS DORSET ICB - 11J","RDY","DORSET HEALTHCARE UNIVERSITY NHS FOUNDATION TRUST","M001","Count_ReferralsReceived","1680"
"2025-04-01","2025-04-30","SubICB/Provider","11J","NHS DORSET ICB - 11J","RDY","DORSET HEALTHCARE UNIVERSITY NHS FOUNDATION TRUST","M031","Count_AccessingServices","1280"
"2025-04-01","2025-04-30","SubICB/Provider","11J","NHS DORSET ICB - 11J","RDY","DORSET HEALTHCARE UNIVERSITY NHS FOUNDATION TRUST","M053","Percentage_AccessingServices6WeeksFinishedCourseTreatment","98"
"2025-04-01","2025-04-30","SubICB/Provider","11J","NHS DORSET ICB - 11J","RDY","DORSET HEALTHCARE UNIVERSITY NHS FOUNDATION TRUST","M055","Percentage_AccessingServices18WeeksFinishedCourseTreatment","100"
"2025-04-01","2025-04-30","SubICB/Provider","11J","NHS DORSET ICB - 11J","RDY","DORSET HEALTHCARE UNIVERSITY NHS FOUNDATION TRUST","M056","Count_EndedReferrals","1985"
"2025-04-01","2025-04-30","SubICB/Provider","11J","NHS DORSET ICB - 11J","RDY","DORSET HEALTHCARE UNIVERSITY NHS FOUNDATION TRUST","M076","Count_FinishedCourseTreatment","1050"
"2025-04-01","2025-04-30","SubICB/Provider","11J","NHS DORSET ICB - 11J","RDY","DORSET HEALTHCARE UNIVERSITY NHS FOUNDATION TRUST","M1010","Percentage_ReliableDeterioration","5"
"2025-04-01","2025-04-30","SubICB/Provider","11J","NHS DORSET ICB - 11J","RDY","DORSET HEALTHCARE UNIVERSITY NHS FOUNDATION TRUST","M186","Percentage_ReliableImprovement","72"
"2025-04-01","2025-04-30","SubICB/Provider","11J","NHS DORSET ICB - 11J","RDY","DORSET HEALTHCARE UNIVERSITY NHS FOUNDATION TRUST","M189","Count_ReliableDeterioration","55"
"2025-04-01","2025-04-30","SubICB/Provider","11J","NHS DORSET ICB - 11J","RDY","DORSET HEALTHCARE UNIVERSITY NHS FOUNDATION TRUST","M192","Percentage_Recovery","49"
"2025-04-01","2025-04-30","SubICB/Provider","11J","NHS DORSET ICB - 11J","RDY","DORSET HEALTHCARE UNIVERSITY NHS FOUNDATION TRUST","M195","Percentage_ReliableRecovery","47"
"2025-04-01","2025-04-30","SubICB/Provider","13Q","NATIONAL COMMISSIONING HUB 1","RDY","DORSET HEALTHCARE UNIVERSITY NHS FOUNDATION TRUST","M001","Count_ReferralsReceived","*"
"2025-04-01","2025-04-30","SubICB/Provider","13Q","NATIONAL COMMISSIONING HUB 1","RDY","DORSET HEALTHCARE UNIVERSITY NHS FOUNDATION TRUST","M031","Count_AccessingServices","*"
"2025-04-01","2025-04-30","SubICB/Provider","13Q","NATIONAL COMMISSIONING HUB 1","RDY","DORSET HEALTHCARE UNIVERSITY NHS FOUNDATION TRUST","M053","Percentage_AccessingServices6WeeksFinishedCourseTreatment","*"
"2025-04-01","2025-04-30","SubICB/Provider","13Q","NATIONAL COMMISSIONING HUB 1","RDY","DORSET HEALTHCARE UNIVERSITY NHS FOUNDATION TRUST","M055","Percentage_AccessingServices18WeeksFinishedCourseTreatment","*"
"2025-04-01","2025-04-30","SubICB/Provider","13Q","NATIONAL COMMISSIONING HUB 1","RDY","DORSET HEALTHCARE UNIVERSITY NHS FOUNDATION TRUST","M056","Count_EndedReferrals","*"
"2025-04-01","2025-04-30","SubICB/Provider","13Q","NATIONAL COMMISSIONING HUB 1","RDY","DORSET HEALTHCARE UNIVERSITY NHS FOUNDATION TRUST","M076","Count_FinishedCourseTreatment","*"
"2025-04-01","2025-04-30","SubICB/Provider","13Q","NATIONAL COMMISSIONING HUB 1","RDY","DORSET HEALTHCARE UNIVERSITY NHS FOUNDATION TRUST","M1010","Percentage_ReliableDeterioration","*"
"2025-04-01","2025-04-30","SubICB/Provider","13Q","NATIONAL COMMISSIONING HUB 1","RDY","DORSET HEALTHCARE UNIVERSITY NHS FOUNDATION TRUST","M186","Percentage_ReliableImprovement","*"
"2025-04-01","2025-04-30","SubICB/Provider","13Q","NATIONAL COMMISSIONING HUB 1","RDY","DORSET HEALTHCARE UNIVERSITY NHS FOUNDATION TRUST","M189","Count_ReliableDeterioration","*"
"2025-04-01","2025-04-30","SubICB/Provider","13Q","NATIONAL COMMISSIONING HUB 1","RDY","DORSET HEALTHCARE UNIVERSITY NHS FOUNDATION TRUST","M192","Percentage_Recovery","*"
"2025-04-01","2025-04-30","SubICB/Provider","13Q","NATIONAL COMMISSIONING HUB 1","RDY","DORSET HEALTHCARE UNIVERSITY NHS FOUNDATION TRUST","M195","Percentage_ReliableRecovery","*"
"2025-05-01","2025-05-31","Provider","all","all SubICBs","RDY","DORSET HEALTHCARE UNIVERSITY NHS FOUNDATION TRUST","M001","Count_ReferralsReceived","1870"
"2025-05-01","2025-05-31","Provider","all","all SubICBs","RDY","DORSET HEALTHCARE UNIVERSITY NHS FOUNDATION TRUST","M031","Count_AccessingServices","1320"
"2025-05-01","2025-05-31","Provider","all","all SubICBs","RDY","DORSET HEALTHCARE UNIVERSITY NHS FOUNDATION TRUST","M053","Percentage_AccessingServices6WeeksFinishedCourseTreatment","97"
"2025-05-01","2025-05-31","Provider","all","all SubICBs","RDY","DORSET HEALTHCARE UNIVERSITY NHS FOUNDATION TRUST","M055","Percentage_AccessingServices18WeeksFinishedCourseTreatment","100"
"2025-05-01","2025-05-31","Provider","all","all SubICBs","RDY","DORSET HEALTHCARE UNIVERSITY NHS FOUNDATION TRUST","M056","Count_EndedReferrals","1935"
"2025-05-01","2025-05-31","Provider","all","all SubICBs","RDY","DORSET HEALTHCARE UNIVERSITY NHS FOUNDATION TRUST","M076","Count_FinishedCourseTreatment","1065"
"2025-05-01","2025-05-31","Provider","all","all SubICBs","RDY","DORSET HEALTHCARE UNIVERSITY NHS FOUNDATION TRUST","M1010","Percentage_ReliableDeterioration","7"
"2025-05-01","2025-05-31","Provider","all","all SubICBs","RDY","DORSET HEALTHCARE UNIVERSITY NHS FOUNDATION TRUST","M186","Percentage_ReliableImprovement","72"
"2025-05-01","2025-05-31","Provider","all","all SubICBs","RDY","DORSET HEALTHCARE UNIVERSITY NHS FOUNDATION TRUST","M189","Count_ReliableDeterioration","70"
"2025-05-01","2025-05-31","Provider","all","all SubICBs","RDY","DORSET HEALTHCARE UNIVERSITY NHS FOUNDATION TRUST","M192","Percentage_Recovery","50"
"2025-05-01","2025-05-31","Provider","all","all SubICBs","RDY","DORSET HEALTHCARE UNIVERSITY NHS FOUNDATION TRUST","M195","Percentage_ReliableRecovery","47"
"2025-05-01","2025-05-31","SubICB/Provider","11J","NHS DORSET ICB - 11J","RDY","DORSET HEALTHCARE UNIVERSITY NHS FOUNDATION TRUST","M001","Count_ReferralsReceived","1870"
"2025-05-01","2025-05-31","SubICB/Provider","11J","NHS DORSET ICB - 11J","RDY","DORSET HEALTHCARE UNIVERSITY NHS FOUNDATION TRUST","M031","Count_AccessingServices","1315"
"2025-05-01","2025-05-31","SubICB/Provider","11J","NHS DORSET ICB - 11J","RDY","DORSET HEALTHCARE UNIVERSITY NHS FOUNDATION TRUST","M053","Percentage_AccessingServices6WeeksFinishedCourseTreatment","97"
"2025-05-01","2025-05-31","SubICB/Provider","11J","NHS DORSET ICB - 11J","RDY","DORSET HEALTHCARE UNIVERSITY NHS FOUNDATION TRUST","M055","Percentage_AccessingServices18WeeksFinishedCourseTreatment","100"
"2025-05-01","2025-05-31","SubICB/Provider","11J","NHS DORSET ICB - 11J","RDY","DORSET HEALTHCARE UNIVERSITY NHS FOUNDATION TRUST","M056","Count_EndedReferrals","1935"
"2025-05-01","2025-05-31","SubICB/Provider","11J","NHS DORSET ICB - 11J","RDY","DORSET HEALTHCARE UNIVERSITY NHS FOUNDATION TRUST","M076","Count_FinishedCourseTreatment","1060"
"2025-05-01","2025-05-31","SubICB/Provider","11J","NHS DORSET ICB - 11J","RDY","DORSET HEALTHCARE UNIVERSITY NHS FOUNDATION TRUST","M1010","Percentage_ReliableDeterioration","7"
"2025-05-01","2025-05-31","SubICB/Provider","11J","NHS DORSET ICB - 11J","RDY","DORSET HEALTHCARE UNIVERSITY NHS FOUNDATION TRUST","M186","Percentage_ReliableImprovement","72"
"2025-05-01","2025-05-31","SubICB/Provider","11J","NHS DORSET ICB - 11J","RDY","DORSET HEALTHCARE UNIVERSITY NHS FOUNDATION TRUST","M189","Count_ReliableDeterioration","70"
"2025-05-01","2025-05-31","SubICB/Provider","11J","NHS DORSET ICB - 11J","RDY","DORSET HEALTHCARE UNIVERSITY NHS FOUNDATION TRUST","M192","Percentage_Recovery","50"
"2025-05-01","2025-05-31","SubICB/Provider","11J","NHS DORSET ICB - 11J","RDY","DORSET HEALTHCARE UNIVERSITY NHS FOUNDATION TRUST","M195","Percentage_ReliableRecovery","47"
"2025-05-01","2025-05-31","SubICB/Provider","13Q","NATIONAL COMMISSIONING HUB 1","RDY","DORSET HEALTHCARE UNIVERSITY NHS FOUNDATION TRUST","M001","Count_ReferralsReceived","*"
"2025-05-01","2025-05-31","SubICB/Provider","13Q","NATIONAL COMMISSIONING HUB 1","RDY","DORSET HEALTHCARE UNIVERSITY NHS FOUNDATION TRUST","M031","Count_AccessingServices","*"
"2025-05-01","2025-05-31","SubICB/Provider","13Q","NATIONAL COMMISSIONING HUB 1","RDY","DORSET HEALTHCARE UNIVERSITY NHS FOUNDATION TRUST","M053","Percentage_AccessingServices6WeeksFinishedCourseTreatment","*"
"2025-05-01","2025-05-31","SubICB/Provider","13Q","NATIONAL COMMISSIONING HUB 1","RDY","DORSET HEALTHCARE UNIVERSITY NHS FOUNDATION TRUST","M055","Percentage_AccessingServices18WeeksFinishedCourseTreatment","*"
"2025-05-01","2025-05-31","SubICB/Provider","13Q","NATIONAL COMMISSIONING HUB 1","RDY","DORSET HEALTHCARE UNIVERSITY NHS FOUNDATION TRUST","M056","Count_EndedReferrals","*"
"2025-05-01","2025-05-31","SubICB/Provider","13Q","NATIONAL COMMISSIONING HUB 1","RDY","DORSET HEALTHCARE UNIVERSITY NHS FOUNDATION TRUST","M076","Count_FinishedCourseTreatment","*"
"2025-05-01","2025-05-31","SubICB/Provider","13Q","NATIONAL COMMISSIONING HUB 1","RDY","DORSET HEALTHCARE UNIVERSITY NHS FOUNDATION TRUST","M1010","Percentage_ReliableDeterioration","*"
"2025-05-01","2025-05-31","SubICB/Provider","13Q","NATIONAL COMMISSIONING HUB 1","RDY","DORSET HEALTHCARE UNIVERSITY NHS FOUNDATION TRUST","M186","Percentage_ReliableImprovement","*"
"2025-05-01","2025-05-31","SubICB/Provider","13Q","NATIONAL COMMISSIONING HUB 1","RDY","DORSET HEALTHCARE UNIVERSITY NHS FOUNDATION TRUST","M189","Count_ReliableDeterioration","*"
"2025-05-01","2025-05-31","SubICB/Provider","13Q","NATIONAL COMMISSIONING HUB 1","RDY","DORSET HEALTHCARE UNIVERSITY NHS FOUNDATION TRUST","M192","Percentage_Recovery","*"
"2025-05-01","2025-05-31","SubICB/Provider","13Q","NATIONAL COMMISSIONING HUB 1","RDY","DORSET HEALTHCARE UNIVERSITY NHS FOUNDATION TRUST","M195","Percentage_ReliableRecovery","*"
"2025-06-01","2025-06-30","Provider","all","all SubICBs","RDY","DORSET HEALTHCARE UNIVERSITY NHS FOUNDATION TRUST","M001","Count_ReferralsReceived","1900"
"2025-06-01","2025-06-30","Provider","all","all SubICBs","RDY","DORSET HEALTHCARE UNIVERSITY NHS FOUNDATION TRUST","M031","Count_AccessingServices","1425"
"2025-06-01","2025-06-30","Provider","all","all SubICBs","RDY","DORSET HEALTHCARE UNIVERSITY NHS FOUNDATION TRUST","M053","Percentage_AccessingServices6WeeksFinishedCourseTreatment","96"
"2025-06-01","2025-06-30","Provider","all","all SubICBs","RDY","DORSET HEALTHCARE UNIVERSITY NHS FOUNDATION TRUST","M055","Percentage_AccessingServices18WeeksFinishedCourseTreatment","100"
"2025-06-01","2025-06-30","Provider","all","all SubICBs","RDY","DORSET HEALTHCARE UNIVERSITY NHS FOUNDATION TRUST","M056","Count_EndedReferrals","1895"
"2025-06-01","2025-06-30","Provider","all","all SubICBs","RDY","DORSET HEALTHCARE UNIVERSITY NHS FOUNDATION TRUST","M076","Count_FinishedCourseTreatment","985"
"2025-06-01","2025-06-30","Provider","all","all SubICBs","RDY","DORSET HEALTHCARE UNIVERSITY NHS FOUNDATION TRUST","M1010","Percentage_ReliableDeterioration","6"
"2025-06-01","2025-06-30","Provider","all","all SubICBs","RDY","DORSET HEALTHCARE UNIVERSITY NHS FOUNDATION TRUST","M186","Percentage_ReliableImprovement","69"
"2025-06-01","2025-06-30","Provider","all","all SubICBs","RDY","DORSET HEALTHCARE UNIVERSITY NHS FOUNDATION TRUST","M189","Count_ReliableDeterioration","60"
"2025-06-01","2025-06-30","Provider","all","all SubICBs","RDY","DORSET HEALTHCARE UNIVERSITY NHS FOUNDATION TRUST","M192","Percentage_Recovery","49"
"2025-06-01","2025-06-30","Provider","all","all SubICBs","RDY","DORSET HEALTHCARE UNIVERSITY NHS FOUNDATION TRUST","M195","Percentage_ReliableRecovery","46"
"2025-06-01","2025-06-30","SubICB/Provider","11J","NHS DORSET ICB - 11J","RDY","DORSET HEALTHCARE UNIVERSITY NHS FOUNDATION TRUST","M001","Count_ReferralsReceived","1895"
"2025-06-01","2025-06-30","SubICB/Provider","11J","NHS DORSET ICB - 11J","RDY","DORSET HEALTHCARE UNIVERSITY NHS FOUNDATION TRUST","M031","Count_AccessingServices","1420"
"2025-06-01","2025-06-30","SubICB/Provider","11J","NHS DORSET ICB - 11J","RDY","DORSET HEALTHCARE UNIVERSITY NHS FOUNDATION TRUST","M053","Percentage_AccessingServices6WeeksFinishedCourseTreatment","96"
"2025-06-01","2025-06-30","SubICB/Provider","11J","NHS DORSET ICB - 11J","RDY","DORSET HEALTHCARE UNIVERSITY NHS FOUNDATION TRUST","M055","Percentage_AccessingServices18WeeksFinishedCourseTreatment","100"
"2025-06-01","2025-06-30","SubICB/Provider","11J","NHS DORSET ICB - 11J","RDY","DORSET HEALTHCARE UNIVERSITY NHS FOUNDATION TRUST","M056","Count_EndedReferrals","1890"
"2025-06-01","2025-06-30","SubICB/Provider","11J","NHS DORSET ICB - 11J","RDY","DORSET HEALTHCARE UNIVERSITY NHS FOUNDATION TRUST","M076","Count_FinishedCourseTreatment","980"
"2025-06-01","2025-06-30","SubICB/Provider","11J","NHS DORSET ICB - 11J","RDY","DORSET HEALTHCARE UNIVERSITY NHS FOUNDATION TRUST","M1010","Percentage_ReliableDeterioration","6"
"2025-06-01","2025-06-30","SubICB/Provider","11J","NHS DORSET ICB - 11J","RDY","DORSET HEALTHCARE UNIVERSITY NHS FOUNDATION TRUST","M186","Percentage_ReliableImprovement","69"
"2025-06-01","2025-06-30","SubICB/Provider","11J","NHS DORSET ICB - 11J","RDY","DORSET HEALTHCARE UNIVERSITY NHS FOUNDATION TRUST","M189","Count_ReliableDeterioration","60"
"2025-06-01","2025-06-30","SubICB/Provider","11J","NHS DORSET ICB - 11J","RDY","DORSET HEALTHCARE UNIVERSITY NHS FOUNDATION TRUST","M192","Percentage_Recovery","49"
"2025-06-01","2025-06-30","SubICB/Provider","11J","NHS DORSET ICB - 11J","RDY","DORSET HEALTHCARE UNIVERSITY NHS FOUNDATION TRUST","M195","Percentage_ReliableRecovery","46"
"2025-06-01","2025-06-30","SubICB/Provider","13Q","NATIONAL COMMISSIONING HUB 1","RDY","DORSET HEALTHCARE UNIVERSITY NHS FOUNDATION TRUST","M001","Count_ReferralsReceived","*"
"2025-06-01","2025-06-30","SubICB/Provider","13Q","NATIONAL COMMISSIONING HUB 1","RDY","DORSET HEALTHCARE UNIVERSITY NHS FOUNDATION TRUST","M031","Count_AccessingServices","*"
"2025-06-01","2025-06-30","SubICB/Provider","13Q","NATIONAL COMMISSIONING HUB 1","RDY","DORSET HEALTHCARE UNIVERSITY NHS FOUNDATION TRUST","M053","Percentage_AccessingServices6WeeksFinishedCourseTreatment","*"
"2025-06-01","2025-06-30","SubICB/Provider","13Q","NATIONAL COMMISSIONING HUB 1","RDY","DORSET HEALTHCARE UNIVERSITY NHS FOUNDATION TRUST","M055","Percentage_AccessingServices18WeeksFinishedCourseTreatment","*"
"2025-06-01","2025-06-30","SubICB/Provider","13Q","NATIONAL COMMISSIONING HUB 1","RDY","DORSET HEALTHCARE UNIVERSITY NHS FOUNDATION TRUST","M056","Count_EndedReferrals","*"
"2025-06-01","2025-06-30","SubICB/Provider","13Q","NATIONAL COMMISSIONING HUB 1","RDY","DORSET HEALTHCARE UNIVERSITY NHS FOUNDATION TRUST","M076","Count_FinishedCourseTreatment","*"
"2025-06-01","2025-06-30","SubICB/Provider","13Q","NATIONAL COMMISSIONING HUB 1","RDY","DORSET HEALTHCARE UNIVERSITY NHS FOUNDATION TRUST","M1010","Percentage_ReliableDeterioration","*"
"2025-06-01","2025-06-30","SubICB/Provider","13Q","NATIONAL COMMISSIONING HUB 1","RDY","DORSET HEALTHCARE UNIVERSITY NHS FOUNDATION TRUST","M186","Percentage_ReliableImprovement","*"
"2025-06-01","2025-06-30","SubICB/Provider","13Q","NATIONAL COMMISSIONING HUB 1","RDY","DORSET HEALTHCARE UNIVERSITY NHS FOUNDATION TRUST","M189","Count_ReliableDeterioration","*"
"2025-06-01","2025-06-30","SubICB/Provider","13Q","NATIONAL COMMISSIONING HUB 1","RDY","DORSET HEALTHCARE UNIVERSITY NHS FOUNDATION TRUST","M192","Percentage_Recovery","*"
"2025-06-01","2025-06-30","SubICB/Provider","13Q","NATIONAL COMMISSIONING HUB 1","RDY","DORSET HEALTHCARE UNIVERSITY NHS FOUNDATION TRUST","M195","Percentage_ReliableRecovery","*"
"2025-07-01","2025-07-31","Provider","all","all SubICBs","RDY","DORSET HEALTHCARE UNIVERSITY NHS FOUNDATION TRUST","M001","Count_ReferralsReceived","1995"
"2025-07-01","2025-07-31","Provider","all","all SubICBs","RDY","DORSET HEALTHCARE UNIVERSITY NHS FOUNDATION TRUST","M031","Count_AccessingServices","1420"
"2025-07-01","2025-07-31","Provider","all","all SubICBs","RDY","DORSET HEALTHCARE UNIVERSITY NHS FOUNDATION TRUST","M053","Percentage_AccessingServices6WeeksFinishedCourseTreatment","95"
"2025-07-01","2025-07-31","Provider","all","all SubICBs","RDY","DORSET HEALTHCARE UNIVERSITY NHS FOUNDATION TRUST","M055","Percentage_AccessingServices18WeeksFinishedCourseTreatment","100"
"2025-07-01","2025-07-31","Provider","all","all SubICBs","RDY","DORSET HEALTHCARE UNIVERSITY NHS FOUNDATION TRUST","M056","Count_EndedReferrals","2095"
"2025-07-01","2025-07-31","Provider","all","all SubICBs","RDY","DORSET HEALTHCARE UNIVERSITY NHS FOUNDATION TRUST","M076","Count_FinishedCourseTreatment","1080"
"2025-07-01","2025-07-31","Provider","all","all SubICBs","RDY","DORSET HEALTHCARE UNIVERSITY NHS FOUNDATION TRUST","M1010","Percentage_ReliableDeterioration","7"
"2025-07-01","2025-07-31","Provider","all","all SubICBs","RDY","DORSET HEALTHCARE UNIVERSITY NHS FOUNDATION TRUST","M186","Percentage_ReliableImprovement","69"
"2025-07-01","2025-07-31","Provider","all","all SubICBs","RDY","DORSET HEALTHCARE UNIVERSITY NHS FOUNDATION TRUST","M189","Count_ReliableDeterioration","70"
"2025-07-01","2025-07-31","Provider","all","all SubICBs","RDY","DORSET HEALTHCARE UNIVERSITY NHS FOUNDATION TRUST","M192","Percentage_Recovery","47"
"2025-07-01","2025-07-31","Provider","all","all SubICBs","RDY","DORSET HEALTHCARE UNIVERSITY NHS FOUNDATION TRUST","M195","Percentage_ReliableRecovery","44"
"2025-07-01","2025-07-31","SubICB/Provider","11J","NHS DORSET ICB - 11J","RDY","DORSET HEALTHCARE UNIVERSITY NHS FOUNDATION TRUST","M001","Count_ReferralsReceived","1995"
"2025-07-01","2025-07-31","SubICB/Provider","11J","NHS DORSET ICB - 11J","RDY","DORSET HEALTHCARE UNIVERSITY NHS FOUNDATION TRUST","M031","Count_AccessingServices","1420"
"2025-07-01","2025-07-31","SubICB/Provider","11J","NHS DORSET ICB - 11J","RDY","DORSET HEALTHCARE UNIVERSITY NHS FOUNDATION TRUST","M053","Percentage_AccessingServices6WeeksFinishedCourseTreatment","95"
"2025-07-01","2025-07-31","SubICB/Provider","11J","NHS DORSET ICB - 11J","RDY","DORSET HEALTHCARE UNIVERSITY NHS FOUNDATION TRUST","M055","Percentage_AccessingServices18WeeksFinishedCourseTreatment","100"
"2025-07-01","2025-07-31","SubICB/Provider","11J","NHS DORSET ICB - 11J","RDY","DORSET HEALTHCARE UNIVERSITY NHS FOUNDATION TRUST","M056","Count_EndedReferrals","2090"
"2025-07-01","2025-07-31","SubICB/Provider","11J","NHS DORSET ICB - 11J","RDY","DORSET HEALTHCARE UNIVERSITY NHS FOUNDATION TRUST","M076","Count_FinishedCourseTreatment","1080"
"2025-07-01","2025-07-31","SubICB/Provider","11J","NHS DORSET ICB - 11J","RDY","DORSET HEALTHCARE UNIVERSITY NHS FOUNDATION TRUST","M1010","Percentage_ReliableDeterioration","7"
"2025-07-01","2025-07-31","SubICB/Provider","11J","NHS DORSET ICB - 11J","RDY","DORSET HEALTHCARE UNIVERSITY NHS FOUNDATION TRUST","M186","Percentage_ReliableImprovement","69"
"2025-07-01","2025-07-31","SubICB/Provider","11J","NHS DORSET ICB - 11J","RDY","DORSET HEALTHCARE UNIVERSITY NHS FOUNDATION TRUST","M189","Count_ReliableDeterioration","70"
"2025-07-01","2025-07-31","SubICB/Provider","11J","NHS DORSET ICB - 11J","RDY","DORSET HEALTHCARE UNIVERSITY NHS FOUNDATION TRUST","M192","Percentage_Recovery","47"
"2025-07-01","2025-07-31","SubICB/Provider","11J","NHS DORSET ICB - 11J","RDY","DORSET HEALTHCARE UNIVERSITY NHS FOUNDATION TRUST","M195","Percentage_ReliableRecovery","44"
"2025-07-01","2025-07-31","SubICB/Provider","13Q","NATIONAL COMMISSIONING HUB 1","RDY","DORSET HEALTHCARE UNIVERSITY NHS FOUNDATION TRUST","M001","Count_ReferralsReceived","*"
"2025-07-01","2025-07-31","SubICB/Provider","13Q","NATIONAL COMMISSIONING HUB 1","RDY","DORSET HEALTHCARE UNIVERSITY NHS FOUNDATION TRUST","M031","Count_AccessingServices","*"
"2025-07-01","2025-07-31","SubICB/Provider","13Q","NATIONAL COMMISSIONING HUB 1","RDY","DORSET HEALTHCARE UNIVERSITY NHS FOUNDATION TRUST","M053","Percentage_AccessingServices6WeeksFinishedCourseTreatment","*"
"2025-07-01","2025-07-31","SubICB/Provider","13Q","NATIONAL COMMISSIONING HUB 1","RDY","DORSET HEALTHCARE UNIVERSITY NHS FOUNDATION TRUST","M055","Percentage_AccessingServices18WeeksFinishedCourseTreatment","*"
"2025-07-01","2025-07-31","SubICB/Provider","13Q","NATIONAL COMMISSIONING HUB 1","RDY","DORSET HEALTHCARE UNIVERSITY NHS FOUNDATION TRUST","M056","Count_EndedReferrals","5"
"2025-07-01","2025-07-31","SubICB/Provider","13Q","NATIONAL COMMISSIONING HUB 1","RDY","DORSET HEALTHCARE UNIVERSITY NHS FOUNDATION TRUST","M076","Count_FinishedCourseTreatment","*"
"2025-07-01","2025-07-31","SubICB/Provider","13Q","NATIONAL COMMISSIONING HUB 1","RDY","DORSET HEALTHCARE UNIVERSITY NHS FOUNDATION TRUST","M1010","Percentage_ReliableDeterioration","*"
"2025-07-01","2025-07-31","SubICB/Provider","13Q","NATIONAL COMMISSIONING HUB 1","RDY","DORSET HEALTHCARE UNIVERSITY NHS FOUNDATION TRUST","M186","Percentage_ReliableImprovement","*"
"2025-07-01","2025-07-31","SubICB/Provider","13Q","NATIONAL COMMISSIONING HUB 1","RDY","DORSET HEALTHCARE UNIVERSITY NHS FOUNDATION TRUST","M189","Count_ReliableDeterioration","*"
"2025-07-01","2025-07-31","SubICB/Provider","13Q","NATIONAL COMMISSIONING HUB 1","RDY","DORSET HEALTHCARE UNIVERSITY NHS FOUNDATION TRUST","M192","Percentage_Recovery","*"
"2025-07-01","2025-07-31","SubICB/Provider","13Q","NATIONAL COMMISSIONING HUB 1","RDY","DORSET HEALTHCARE UNIVERSITY NHS FOUNDATION TRUST","M195","Percentage_ReliableRecovery","*"
"2025-08-01","2025-08-31","Provider","all","all SubICBs","RDY","DORSET HEALTHCARE UNIVERSITY NHS FOUNDATION TRUST","M001","Count_ReferralsReceived","1740"
"2025-08-01","2025-08-31","Provider","all","all SubICBs","RDY","DORSET HEALTHCARE UNIVERSITY NHS FOUNDATION TRUST","M031","Count_AccessingServices","1255"
"2025-08-01","2025-08-31","Provider","all","all SubICBs","RDY","DORSET HEALTHCARE UNIVERSITY NHS FOUNDATION TRUST","M053","Percentage_AccessingServices6WeeksFinishedCourseTreatment","95"
"2025-08-01","2025-08-31","Provider","all","all SubICBs","RDY","DORSET HEALTHCARE UNIVERSITY NHS FOUNDATION TRUST","M055","Percentage_AccessingServices18WeeksFinishedCourseTreatment","100"
"2025-08-01","2025-08-31","Provider","all","all SubICBs","RDY","DORSET HEALTHCARE UNIVERSITY NHS FOUNDATION TRUST","M056","Count_EndedReferrals","1600"
"2025-08-01","2025-08-31","Provider","all","all SubICBs","RDY","DORSET HEALTHCARE UNIVERSITY NHS FOUNDATION TRUST","M076","Count_FinishedCourseTreatment","835"
"2025-08-01","2025-08-31","Provider","all","all SubICBs","RDY","DORSET HEALTHCARE UNIVERSITY NHS FOUNDATION TRUST","M1010","Percentage_ReliableDeterioration","6"
"2025-08-01","2025-08-31","Provider","all","all SubICBs","RDY","DORSET HEALTHCARE UNIVERSITY NHS FOUNDATION TRUST","M186","Percentage_ReliableImprovement","67"
"2025-08-01","2025-08-31","Provider","all","all SubICBs","RDY","DORSET HEALTHCARE UNIVERSITY NHS FOUNDATION TRUST","M189","Count_ReliableDeterioration","50"
"2025-08-01","2025-08-31","Provider","all","all SubICBs","RDY","DORSET HEALTHCARE UNIVERSITY NHS FOUNDATION TRUST","M192","Percentage_Recovery","47"
"2025-08-01","2025-08-31","Provider","all","all SubICBs","RDY","DORSET HEALTHCARE UNIVERSITY NHS FOUNDATION TRUST","M195","Percentage_ReliableRecovery","44"
"2025-08-01","2025-08-31","SubICB/Provider","11J","NHS DORSET ICB - 11J","RDY","DORSET HEALTHCARE UNIVERSITY NHS FOUNDATION TRUST","M001","Count_ReferralsReceived","1740"
"2025-08-01","2025-08-31","SubICB/Provider","11J","NHS DORSET ICB - 11J","RDY","DORSET HEALTHCARE UNIVERSITY NHS FOUNDATION TRUST","M031","Count_AccessingServices","1255"
"2025-08-01","2025-08-31","SubICB/Provider","11J","NHS DORSET ICB - 11J","RDY","DORSET HEALTHCARE UNIVERSITY NHS FOUNDATION TRUST","M053","Percentage_AccessingServices6WeeksFinishedCourseTreatment","95"
"2025-08-01","2025-08-31","SubICB/Provider","11J","NHS DORSET ICB - 11J","RDY","DORSET HEALTHCARE UNIVERSITY NHS FOUNDATION TRUST","M055","Percentage_AccessingServices18WeeksFinishedCourseTreatment","100"
"2025-08-01","2025-08-31","SubICB/Provider","11J","NHS DORSET ICB - 11J","RDY","DORSET HEALTHCARE UNIVERSITY NHS FOUNDATION TRUST","M056","Count_EndedReferrals","1600"
"2025-08-01","2025-08-31","SubICB/Provider","11J","NHS DORSET ICB - 11J","RDY","DORSET HEALTHCARE UNIVERSITY NHS FOUNDATION TRUST","M076","Count_FinishedCourseTreatment","835"
"2025-08-01","2025-08-31","SubICB/Provider","11J","NHS DORSET ICB - 11J","RDY","DORSET HEALTHCARE UNIVERSITY NHS FOUNDATION TRUST","M1010","Percentage_ReliableDeterioration","6"
"2025-08-01","2025-08-31","SubICB/Provider","11J","NHS DORSET ICB - 11J","RDY","DORSET HEALTHCARE UNIVERSITY NHS FOUNDATION TRUST","M186","Percentage_ReliableImprovement","67"
"2025-08-01","2025-08-31","SubICB/Provider","11J","NHS DORSET ICB - 11J","RDY","DORSET HEALTHCARE UNIVERSITY NHS FOUNDATION TRUST","M189","Count_ReliableDeterioration","50"
"2025-08-01","2025-08-31","SubICB/Provider","11J","NHS DORSET ICB - 11J","RDY","DORSET HEALTHCARE UNIVERSITY NHS FOUNDATION TRUST","M192","Percentage_Recovery","47"
"2025-08-01","2025-08-31","SubICB/Provider","11J","NHS DORSET ICB - 11J","RDY","DORSET HEALTHCARE UNIVERSITY NHS FOUNDATION TRUST","M195","Percentage_ReliableRecovery","44"
"2025-08-01","2025-08-31","SubICB/Provider","13Q","NATIONAL COMMISSIONING HUB 1","RDY","DORSET HEALTHCARE UNIVERSITY NHS FOUNDATION TRUST","M001","Count_ReferralsReceived","*"
"2025-08-01","2025-08-31","SubICB/Provider","13Q","NATIONAL COMMISSIONING HUB 1","RDY","DORSET HEALTHCARE UNIVERSITY NHS FOUNDATION TRUST","M031","Count_AccessingServices","*"
"2025-08-01","2025-08-31","SubICB/Provider","13Q","NATIONAL COMMISSIONING HUB 1","RDY","DORSET HEALTHCARE UNIVERSITY NHS FOUNDATION TRUST","M053","Percentage_AccessingServices6WeeksFinishedCourseTreatment","*"
"2025-08-01","2025-08-31","SubICB/Provider","13Q","NATIONAL COMMISSIONING HUB 1","RDY","DORSET HEALTHCARE UNIVERSITY NHS FOUNDATION TRUST","M055","Percentage_AccessingServices18WeeksFinishedCourseTreatment","*"
"2025-08-01","2025-08-31","SubICB/Provider","13Q","NATIONAL COMMISSIONING HUB 1","RDY","DORSET HEALTHCARE UNIVERSITY NHS FOUNDATION TRUST","M056","Count_EndedReferrals","*"
"2025-08-01","2025-08-31","SubICB/Provider","13Q","NATIONAL COMMISSIONING HUB 1","RDY","DORSET HEALTHCARE UNIVERSITY NHS FOUNDATION TRUST","M076","Count_FinishedCourseTreatment","*"
"2025-08-01","2025-08-31","SubICB/Provider","13Q","NATIONAL COMMISSIONING HUB 1","RDY","DORSET HEALTHCARE UNIVERSITY NHS FOUNDATION TRUST","M1010","Percentage_ReliableDeterioration","*"
"2025-08-01","2025-08-31","SubICB/Provider","13Q","NATIONAL COMMISSIONING HUB 1","RDY","DORSET HEALTHCARE UNIVERSITY NHS FOUNDATION TRUST","M186","Percentage_ReliableImprovement","*"
"2025-08-01","2025-08-31","SubICB/Provider","13Q","NATIONAL COMMISSIONING HUB 1","RDY","DORSET HEALTHCARE UNIVERSITY NHS FOUNDATION TRUST","M189","Count_ReliableDeterioration","*"
"2025-08-01","2025-08-31","SubICB/Provider","13Q","NATIONAL COMMISSIONING HUB 1","RDY","DORSET HEALTHCARE UNIVERSITY NHS FOUNDATION TRUST","M192","Percentage_Recovery","*"
"2025-08-01","2025-08-31","SubICB/Provider","13Q","NATIONAL COMMISSIONING HUB 1","RDY","DORSET HEALTHCARE UNIVERSITY NHS FOUNDATION TRUST","M195","Percentage_ReliableRecovery","*"
"2025-09-01","2025-09-30","Provider","all","all SubICBs","RDY","DORSET HEALTHCARE UNIVERSITY NHS FOUNDATION TRUST","M001","Count_ReferralsReceived","1935"
"2025-09-01","2025-09-30","Provider","all","all SubICBs","RDY","DORSET HEALTHCARE UNIVERSITY NHS FOUNDATION TRUST","M031","Count_AccessingServices","1380"
"2025-09-01","2025-09-30","Provider","all","all SubICBs","RDY","DORSET HEALTHCARE UNIVERSITY NHS FOUNDATION TRUST","M053","Percentage_AccessingServices6WeeksFinishedCourseTreatment","95"
"2025-09-01","2025-09-30","Provider","all","all SubICBs","RDY","DORSET HEALTHCARE UNIVERSITY NHS FOUNDATION TRUST","M055","Percentage_AccessingServices18WeeksFinishedCourseTreatment","100"
"2025-09-01","2025-09-30","Provider","all","all SubICBs","RDY","DORSET HEALTHCARE UNIVERSITY NHS FOUNDATION TRUST","M056","Count_EndedReferrals","1880"
"2025-09-01","2025-09-30","Provider","all","all SubICBs","RDY","DORSET HEALTHCARE UNIVERSITY NHS FOUNDATION TRUST","M076","Count_FinishedCourseTreatment","935"
"2025-09-01","2025-09-30","Provider","all","all SubICBs","RDY","DORSET HEALTHCARE UNIVERSITY NHS FOUNDATION TRUST","M1010","Percentage_ReliableDeterioration","6"
"2025-09-01","2025-09-30","Provider","all","all SubICBs","RDY","DORSET HEALTHCARE UNIVERSITY NHS FOUNDATION TRUST","M186","Percentage_ReliableImprovement","68"
"2025-09-01","2025-09-30","Provider","all","all SubICBs","RDY","DORSET HEALTHCARE UNIVERSITY NHS FOUNDATION TRUST","M189","Count_ReliableDeterioration","55"
"2025-09-01","2025-09-30","Provider","all","all SubICBs","RDY","DORSET HEALTHCARE UNIVERSITY NHS FOUNDATION TRUST","M192","Percentage_Recovery","48"
"2025-09-01","2025-09-30","Provider","all","all SubICBs","RDY","DORSET HEALTHCARE UNIVERSITY NHS FOUNDATION TRUST","M195","Percentage_ReliableRecovery","44"
"2025-09-01","2025-09-30","SubICB/Provider","11J","NHS DORSET ICB - 11J","RDY","DORSET HEALTHCARE UNIVERSITY NHS FOUNDATION TRUST","M001","Count_ReferralsReceived","1930"
"2025-09-01","2025-09-30","SubICB/Provider","11J","NHS DORSET ICB - 11J","RDY","DORSET HEALTHCARE UNIVERSITY NHS FOUNDATION TRUST","M031","Count_AccessingServices","1375"
"2025-09-01","2025-09-30","SubICB/Provider","11J","NHS DORSET ICB - 11J","RDY","DORSET HEALTHCARE UNIVERSITY NHS FOUNDATION TRUST","M053","Percentage_AccessingServices6WeeksFinishedCourseTreatment","95"
"2025-09-01","2025-09-30","SubICB/Provider","11J","NHS DORSET ICB - 11J","RDY","DORSET HEALTHCARE UNIVERSITY NHS FOUNDATION TRUST","M055","Percentage_AccessingServices18WeeksFinishedCourseTreatment","100"
"2025-09-01","2025-09-30","SubICB/Provider","11J","NHS DORSET ICB - 11J","RDY","DORSET HEALTHCARE UNIVERSITY NHS FOUNDATION TRUST","M056","Count_EndedReferrals","1875"
"2025-09-01","2025-09-30","SubICB/Provider","11J","NHS DORSET ICB - 11J","RDY","DORSET HEALTHCARE UNIVERSITY NHS FOUNDATION TRUST","M076","Count_FinishedCourseTreatment","935"
"2025-09-01","2025-09-30","SubICB/Provider","11J","NHS DORSET ICB - 11J","RDY","DORSET HEALTHCARE UNIVERSITY NHS FOUNDATION TRUST","M1010","Percentage_ReliableDeterioration","6"
"2025-09-01","2025-09-30","SubICB/Provider","11J","NHS DORSET ICB - 11J","RDY","DORSET HEALTHCARE UNIVERSITY NHS FOUNDATION TRUST","M186","Percentage_ReliableImprovement","68"
"2025-09-01","2025-09-30","SubICB/Provider","11J","NHS DORSET ICB - 11J","RDY","DORSET HEALTHCARE UNIVERSITY NHS FOUNDATION TRUST","M189","Count_ReliableDeterioration","55"
"2025-09-01","2025-09-30","SubICB/Provider","11J","NHS DORSET ICB - 11J","RDY","DORSET HEALTHCARE UNIVERSITY NHS FOUNDATION TRUST","M192","Percentage_Recovery","48"
"2025-09-01","2025-09-30","SubICB/Provider","11J","NHS DORSET ICB - 11J","RDY","DORSET HEALTHCARE UNIVERSITY NHS FOUNDATION TRUST","M195","Percentage_ReliableRecovery","44"
"2025-09-01","2025-09-30","SubICB/Provider","13Q","NATIONAL COMMISSIONING HUB 1","RDY","DORSET HEALTHCARE UNIVERSITY NHS FOUNDATION TRUST","M001","Count_ReferralsReceived","10"
"2025-09-01","2025-09-30","SubICB/Provider","13Q","NATIONAL COMMISSIONING HUB 1","RDY","DORSET HEALTHCARE UNIVERSITY NHS FOUNDATION TRUST","M031","Count_AccessingServices","5"
"2025-09-01","2025-09-30","SubICB/Provider","13Q","NATIONAL COMMISSIONING HUB 1","RDY","DORSET HEALTHCARE UNIVERSITY NHS FOUNDATION TRUST","M053","Percentage_AccessingServices6WeeksFinishedCourseTreatment","*"
"2025-09-01","2025-09-30","SubICB/Provider","13Q","NATIONAL COMMISSIONING HUB 1","RDY","DORSET HEALTHCARE UNIVERSITY NHS FOUNDATION TRUST","M055","Percentage_AccessingServices18WeeksFinishedCourseTreatment","*"
"2025-09-01","2025-09-30","SubICB/Provider","13Q","NATIONAL COMMISSIONING HUB 1","RDY","DORSET HEALTHCARE UNIVERSITY NHS FOUNDATION TRUST","M056","Count_EndedReferrals","*"
"2025-09-01","2025-09-30","SubICB/Provider","13Q","NATIONAL COMMISSIONING HUB 1","RDY","DORSET HEALTHCARE UNIVERSITY NHS FOUNDATION TRUST","M076","Count_FinishedCourseTreatment","*"
"2025-09-01","2025-09-30","SubICB/Provider","13Q","NATIONAL COMMISSIONING HUB 1","RDY","DORSET HEALTHCARE UNIVERSITY NHS FOUNDATION TRUST","M1010","Percentage_ReliableDeterioration","*"
"2025-09-01","2025-09-30","SubICB/Provider","13Q","NATIONAL COMMISSIONING HUB 1","RDY","DORSET HEALTHCARE UNIVERSITY NHS FOUNDATION TRUST","M186","Percentage_ReliableImprovement","*"
"2025-09-01","2025-09-30","SubICB/Provider","13Q","NATIONAL COMMISSIONING HUB 1","RDY","DORSET HEALTHCARE UNIVERSITY NHS FOUNDATION TRUST","M189","Count_ReliableDeterioration","*"
"2025-09-01","2025-09-30","SubICB/Provider","13Q","NATIONAL COMMISSIONING HUB 1","RDY","DORSET HEALTHCARE UNIVERSITY NHS FOUNDATION TRUST","M192","Percentage_Recovery","*"
"2025-09-01","2025-09-30","SubICB/Provider","13Q","NATIONAL COMMISSIONING HUB 1","RDY","DORSET HEALTHCARE UNIVERSITY NHS FOUNDATION TRUST","M195","Percentage_ReliableRecovery","*"
"2025-10-01","2025-10-31","Provider","all","all SubICBs","RDY","DORSET HEALTHCARE UNIVERSITY NHS FOUNDATION TRUST","M001","Count_ReferralsReceived","2080"
"2025-10-01","2025-10-31","Provider","all","all SubICBs","RDY","DORSET HEALTHCARE UNIVERSITY NHS FOUNDATION TRUST","M031","Count_AccessingServices","1310"
"2025-10-01","2025-10-31","Provider","all","all SubICBs","RDY","DORSET HEALTHCARE UNIVERSITY NHS FOUNDATION TRUST","M053","Percentage_AccessingServices6WeeksFinishedCourseTreatment","95"
"2025-10-01","2025-10-31","Provider","all","all SubICBs","RDY","DORSET HEALTHCARE UNIVERSITY NHS FOUNDATION TRUST","M055","Percentage_AccessingServices18WeeksFinishedCourseTreatment","100"
"2025-10-01","2025-10-31","Provider","all","all SubICBs","RDY","DORSET HEALTHCARE UNIVERSITY NHS FOUNDATION TRUST","M056","Count_EndedReferrals","1900"
"2025-10-01","2025-10-31","Provider","all","all SubICBs","RDY","DORSET HEALTHCARE UNIVERSITY NHS FOUNDATION TRUST","M076","Count_FinishedCourseTreatment","960"
"2025-10-01","2025-10-31","Provider","all","all SubICBs","RDY","DORSET HEALTHCARE UNIVERSITY NHS FOUNDATION TRUST","M1010","Percentage_ReliableDeterioration","6"
"2025-10-01","2025-10-31","Provider","all","all SubICBs","RDY","DORSET HEALTHCARE UNIVERSITY NHS FOUNDATION TRUST","M186","Percentage_ReliableImprovement","66"
"2025-10-01","2025-10-31","Provider","all","all SubICBs","RDY","DORSET HEALTHCARE UNIVERSITY NHS FOUNDATION TRUST","M189","Count_ReliableDeterioration","60"
"2025-10-01","2025-10-31","Provider","all","all SubICBs","RDY","DORSET HEALTHCARE UNIVERSITY NHS FOUNDATION TRUST","M192","Percentage_Recovery","47"
"2025-10-01","2025-10-31","Provider","all","all SubICBs","RDY","DORSET HEALTHCARE UNIVERSITY NHS FOUNDATION TRUST","M195","Percentage_ReliableRecovery","43"
"2025-10-01","2025-10-31","SubICB/Provider","11J","NHS DORSET ICB - 11J","RDY","DORSET HEALTHCARE UNIVERSITY NHS FOUNDATION TRUST","M001","Count_ReferralsReceived","2080"
"2025-10-01","2025-10-31","SubICB/Provider","11J","NHS DORSET ICB - 11J","RDY","DORSET HEALTHCARE UNIVERSITY NHS FOUNDATION TRUST","M031","Count_AccessingServices","1305"
"2025-10-01","2025-10-31","SubICB/Provider","11J","NHS DORSET ICB - 11J","RDY","DORSET HEALTHCARE UNIVERSITY NHS FOUNDATION TRUST","M053","Percentage_AccessingServices6WeeksFinishedCourseTreatment","95"
"2025-10-01","2025-10-31","SubICB/Provider","11J","NHS DORSET ICB - 11J","RDY","DORSET HEALTHCARE UNIVERSITY NHS FOUNDATION TRUST","M055","Percentage_AccessingServices18WeeksFinishedCourseTreatment","100"
"2025-10-01","2025-10-31","SubICB/Provider","11J","NHS DORSET ICB - 11J","RDY","DORSET HEALTHCARE UNIVERSITY NHS FOUNDATION TRUST","M056","Count_EndedReferrals","1900"
"2025-10-01","2025-10-31","SubICB/Provider","11J","NHS DORSET ICB - 11J","RDY","DORSET HEALTHCARE UNIVERSITY NHS FOUNDATION TRUST","M076","Count_FinishedCourseTreatment","960"
"2025-10-01","2025-10-31","SubICB/Provider","11J","NHS DORSET ICB - 11J","RDY","DORSET HEALTHCARE UNIVERSITY NHS FOUNDATION TRUST","M1010","Percentage_ReliableDeterioration","6"
"2025-10-01","2025-10-31","SubICB/Provider","11J","NHS DORSET ICB - 11J","RDY","DORSET HEALTHCARE UNIVERSITY NHS FOUNDATION TRUST","M186","Percentage_ReliableImprovement","66"
"2025-10-01","2025-10-31","SubICB/Provider","11J","NHS DORSET ICB - 11J","RDY","DORSET HEALTHCARE UNIVERSITY NHS FOUNDATION TRUST","M189","Count_ReliableDeterioration","60"
"2025-10-01","2025-10-31","SubICB/Provider","11J","NHS DORSET ICB - 11J","RDY","DORSET HEALTHCARE UNIVERSITY NHS FOUNDATION TRUST","M192","Percentage_Recovery","47"
"2025-10-01","2025-10-31","SubICB/Provider","11J","NHS DORSET ICB - 11J","RDY","DORSET HEALTHCARE UNIVERSITY NHS FOUNDATION TRUST","M195","Percentage_ReliableRecovery","43"
"2025-10-01","2025-10-31","SubICB/Provider","13Q","NATIONAL COMMISSIONING HUB 1","RDY","DORSET HEALTHCARE UNIVERSITY NHS FOUNDATION TRUST","M001","Count_ReferralsReceived","*"
"2025-10-01","2025-10-31","SubICB/Provider","13Q","NATIONAL COMMISSIONING HUB 1","RDY","DORSET HEALTHCARE UNIVERSITY NHS FOUNDATION TRUST","M031","Count_AccessingServices","*"
"2025-10-01","2025-10-31","SubICB/Provider","13Q","NATIONAL COMMISSIONING HUB 1","RDY","DORSET HEALTHCARE UNIVERSITY NHS FOUNDATION TRUST","M053","Percentage_AccessingServices6WeeksFinishedCourseTreatment","*"
"2025-10-01","2025-10-31","SubICB/Provider","13Q","NATIONAL COMMISSIONING HUB 1","RDY","DORSET HEALTHCARE UNIVERSITY NHS FOUNDATION TRUST","M055","Percentage_AccessingServices18WeeksFinishedCourseTreatment","*"
"2025-10-01","2025-10-31","SubICB/Provider","13Q","NATIONAL COMMISSIONING HUB 1","RDY","DORSET HEALTHCARE UNIVERSITY NHS FOUNDATION TRUST","M056","Count_EndedReferrals","*"
"2025-10-01","2025-10-31","SubICB/Provider","13Q","NATIONAL COMMISSIONING HUB 1","RDY","DORSET HEALTHCARE UNIVERSITY NHS FOUNDATION TRUST","M076","Count_FinishedCourseTreatment","*"
"2025-10-01","2025-10-31","SubICB/Provider","13Q","NATIONAL COMMISSIONING HUB 1","RDY","DORSET HEALTHCARE UNIVERSITY NHS FOUNDATION TRUST","M1010","Percentage_ReliableDeterioration","*"
"2025-10-01","2025-10-31","SubICB/Provider","13Q","NATIONAL COMMISSIONING HUB 1","RDY","DORSET HEALTHCARE UNIVERSITY NHS FOUNDATION TRUST","M186","Percentage_ReliableImprovement","*"
"2025-10-01","2025-10-31","SubICB/Provider","13Q","NATIONAL COMMISSIONING HUB 1","RDY","DORSET HEALTHCARE UNIVERSITY NHS FOUNDATION TRUST","M189","Count_ReliableDeterioration","*"
"2025-10-01","2025-10-31","SubICB/Provider","13Q","NATIONAL COMMISSIONING HUB 1","RDY","DORSET HEALTHCARE UNIVERSITY NHS FOUNDATION TRUST","M192","Percentage_Recovery","*"
"2025-10-01","2025-10-31","SubICB/Provider","13Q","NATIONAL COMMISSIONING HUB 1","RDY","DORSET HEALTHCARE UNIVERSITY NHS FOUNDATION TRUST","M195","Percentage_ReliableRecovery","*"
"2025-11-01","2025-11-30","Provider","all","all SubICBs","RDY","DORSET HEALTHCARE UNIVERSITY NHS FOUNDATION TRUST","M001","Count_ReferralsReceived","1900"
"2025-11-01","2025-11-30","Provider","all","all SubICBs","RDY","DORSET HEALTHCARE UNIVERSITY NHS FOUNDATION TRUST","M031","Count_AccessingServices","1305"
"2025-11-01","2025-11-30","Provider","all","all SubICBs","RDY","DORSET HEALTHCARE UNIVERSITY NHS FOUNDATION TRUST","M053","Percentage_AccessingServices6WeeksFinishedCourseTreatment","94"
"2025-11-01","2025-11-30","Provider","all","all SubICBs","RDY","DORSET HEALTHCARE UNIVERSITY NHS FOUNDATION TRUST","M055","Percentage_AccessingServices18WeeksFinishedCourseTreatment","100"
"2025-11-01","2025-11-30","Provider","all","all SubICBs","RDY","DORSET HEALTHCARE UNIVERSITY NHS FOUNDATION TRUST","M056","Count_EndedReferrals","1755"
"2025-11-01","2025-11-30","Provider","all","all SubICBs","RDY","DORSET HEALTHCARE UNIVERSITY NHS FOUNDATION TRUST","M076","Count_FinishedCourseTreatment","885"
"2025-11-01","2025-11-30","Provider","all","all SubICBs","RDY","DORSET HEALTHCARE UNIVERSITY NHS FOUNDATION TRUST","M1010","Percentage_ReliableDeterioration","7"
"2025-11-01","2025-11-30","Provider","all","all SubICBs","RDY","DORSET HEALTHCARE UNIVERSITY NHS FOUNDATION TRUST","M186","Percentage_ReliableImprovement","66"
"2025-11-01","2025-11-30","Provider","all","all SubICBs","RDY","DORSET HEALTHCARE UNIVERSITY NHS FOUNDATION TRUST","M189","Count_ReliableDeterioration","65"
"2025-11-01","2025-11-30","Provider","all","all SubICBs","RDY","DORSET HEALTHCARE UNIVERSITY NHS FOUNDATION TRUST","M192","Percentage_Recovery","42"
"2025-11-01","2025-11-30","Provider","all","all SubICBs","RDY","DORSET HEALTHCARE UNIVERSITY NHS FOUNDATION TRUST","M195","Percentage_ReliableRecovery","39"
"2025-11-01","2025-11-30","SubICB/Provider","11J","NHS DORSET ICB - 11J","RDY","DORSET HEALTHCARE UNIVERSITY NHS FOUNDATION TRUST","M001","Count_ReferralsReceived","1895"
"2025-11-01","2025-11-30","SubICB/Provider","11J","NHS DORSET ICB - 11J","RDY","DORSET HEALTHCARE UNIVERSITY NHS FOUNDATION TRUST","M031","Count_AccessingServices","1305"
"2025-11-01","2025-11-30","SubICB/Provider","11J","NHS DORSET ICB - 11J","RDY","DORSET HEALTHCARE UNIVERSITY NHS FOUNDATION TRUST","M053","Percentage_AccessingServices6WeeksFinishedCourseTreatment","94"
"2025-11-01","2025-11-30","SubICB/Provider","11J","NHS DORSET ICB - 11J","RDY","DORSET HEALTHCARE UNIVERSITY NHS FOUNDATION TRUST","M055","Percentage_AccessingServices18WeeksFinishedCourseTreatment","100"
"2025-11-01","2025-11-30","SubICB/Provider","11J","NHS DORSET ICB - 11J","RDY","DORSET HEALTHCARE UNIVERSITY NHS FOUNDATION TRUST","M056","Count_EndedReferrals","1755"
"2025-11-01","2025-11-30","SubICB/Provider","11J","NHS DORSET ICB - 11J","RDY","DORSET HEALTHCARE UNIVERSITY NHS FOUNDATION TRUST","M076","Count_FinishedCourseTreatment","885"
"2025-11-01","2025-11-30","SubICB/Provider","11J","NHS DORSET ICB - 11J","RDY","DORSET HEALTHCARE UNIVERSITY NHS FOUNDATION TRUST","M1010","Percentage_ReliableDeterioration","7"
"2025-11-01","2025-11-30","SubICB/Provider","11J","NHS DORSET ICB - 11J","RDY","DORSET HEALTHCARE UNIVERSITY NHS FOUNDATION TRUST","M186","Percentage_ReliableImprovement","66"
"2025-11-01","2025-11-30","SubICB/Provider","11J","NHS DORSET ICB - 11J","RDY","DORSET HEALTHCARE UNIVERSITY NHS FOUNDATION TRUST","M189","Count_ReliableDeterioration","65"
"2025-11-01","2025-11-30","SubICB/Provider","11J","NHS DORSET ICB - 11J","RDY","DORSET HEALTHCARE UNIVERSITY NHS FOUNDATION TRUST","M192","Percentage_Recovery","42"
"2025-11-01","2025-11-30","SubICB/Provider","11J","NHS DORSET ICB - 11J","RDY","DORSET HEALTHCARE UNIVERSITY NHS FOUNDATION TRUST","M195","Percentage_ReliableRecovery","39"
"2025-11-01","2025-11-30","SubICB/Provider","13Q","NATIONAL COMMISSIONING HUB 1","RDY","DORSET HEALTHCARE UNIVERSITY NHS FOUNDATION TRUST","M001","Count_ReferralsReceived","*"
"2025-11-01","2025-11-30","SubICB/Provider","13Q","NATIONAL COMMISSIONING HUB 1","RDY","DORSET HEALTHCARE UNIVERSITY NHS FOUNDATION TRUST","M031","Count_AccessingServices","*"
"2025-11-01","2025-11-30","SubICB/Provider","13Q","NATIONAL COMMISSIONING HUB 1","RDY","DORSET HEALTHCARE UNIVERSITY NHS FOUNDATION TRUST","M053","Percentage_AccessingServices6WeeksFinishedCourseTreatment","*"
"2025-11-01","2025-11-30","SubICB/Provider","13Q","NATIONAL COMMISSIONING HUB 1","RDY","DORSET HEALTHCARE UNIVERSITY NHS FOUNDATION TRUST","M055","Percentage_AccessingServices18WeeksFinishedCourseTreatment","*"
"2025-11-01","2025-11-30","SubICB/Provider","13Q","NATIONAL COMMISSIONING HUB 1","RDY","DORSET HEALTHCARE UNIVERSITY NHS FOUNDATION TRUST","M056","Count_EndedReferrals","*"
"2025-11-01","2025-11-30","SubICB/Provider","13Q","NATIONAL COMMISSIONING HUB 1","RDY","DORSET HEALTHCARE UNIVERSITY NHS FOUNDATION TRUST","M076","Count_FinishedCourseTreatment","*"
"2025-11-01","2025-11-30","SubICB/Provider","13Q","NATIONAL COMMISSIONING HUB 1","RDY","DORSET HEALTHCARE UNIVERSITY NHS FOUNDATION TRUST","M1010","Percentage_ReliableDeterioration","*"
"2025-11-01","2025-11-30","SubICB/Provider","13Q","NATIONAL COMMISSIONING HUB 1","RDY","DORSET HEALTHCARE UNIVERSITY NHS FOUNDATION TRUST","M186","Percentage_ReliableImprovement","*"
"2025-11-01","2025-11-30","SubICB/Provider","13Q","NATIONAL COMMISSIONING HUB 1","RDY","DORSET HEALTHCARE UNIVERSITY NHS FOUNDATION TRUST","M189","Count_ReliableDeterioration","*"
"2025-11-01","2025-11-30","SubICB/Provider","13Q","NATIONAL COMMISSIONING HUB 1","RDY","DORSET HEALTHCARE UNIVERSITY NHS FOUNDATION TRUST","M192","Percentage_Recovery","*"
"2025-11-01","2025-11-30","SubICB/Provider","13Q","NATIONAL COMMISSIONING HUB 1","RDY","DORSET HEALTHCARE UNIVERSITY NHS FOUNDATION TRUST","M195","Percentage_ReliableRecovery","*"
"2025-12-01","2025-12-31","Provider","all","all SubICBs","RDY","DORSET HEALTHCARE UNIVERSITY NHS FOUNDATION TRUST","M001","Count_ReferralsReceived","1740"
"2025-12-01","2025-12-31","Provider","all","all SubICBs","RDY","DORSET HEALTHCARE UNIVERSITY NHS FOUNDATION TRUST","M031","Count_AccessingServices","1310"
"2025-12-01","2025-12-31","Provider","all","all SubICBs","RDY","DORSET HEALTHCARE UNIVERSITY NHS FOUNDATION TRUST","M053","Percentage_AccessingServices6WeeksFinishedCourseTreatment","94"
"2025-12-01","2025-12-31","Provider","all","all SubICBs","RDY","DORSET HEALTHCARE UNIVERSITY NHS FOUNDATION TRUST","M055","Percentage_AccessingServices18WeeksFinishedCourseTreatment","100"
"2025-12-01","2025-12-31","Provider","all","all SubICBs","RDY","DORSET HEALTHCARE UNIVERSITY NHS FOUNDATION TRUST","M056","Count_EndedReferrals","1805"
"2025-12-01","2025-12-31","Provider","all","all SubICBs","RDY","DORSET HEALTHCARE UNIVERSITY NHS FOUNDATION TRUST","M076","Count_FinishedCourseTreatment","870"
"2025-12-01","2025-12-31","Provider","all","all SubICBs","RDY","DORSET HEALTHCARE UNIVERSITY NHS FOUNDATION TRUST","M1010","Percentage_ReliableDeterioration","7"
"2025-12-01","2025-12-31","Provider","all","all SubICBs","RDY","DORSET HEALTHCARE UNIVERSITY NHS FOUNDATION TRUST","M186","Percentage_ReliableImprovement","67"
"2025-12-01","2025-12-31","Provider","all","all SubICBs","RDY","DORSET HEALTHCARE UNIVERSITY NHS FOUNDATION TRUST","M189","Count_ReliableDeterioration","55"
"2025-12-01","2025-12-31","Provider","all","all SubICBs","RDY","DORSET HEALTHCARE UNIVERSITY NHS FOUNDATION TRUST","M192","Percentage_Recovery","46"
"2025-12-01","2025-12-31","Provider","all","all SubICBs","RDY","DORSET HEALTHCARE UNIVERSITY NHS FOUNDATION TRUST","M195","Percentage_ReliableRecovery","43"
"2025-12-01","2025-12-31","SubICB/Provider","11J","NHS DORSET ICB - 11J","RDY","DORSET HEALTHCARE UNIVERSITY NHS FOUNDATION TRUST","M001","Count_ReferralsReceived","1740"
"2025-12-01","2025-12-31","SubICB/Provider","11J","NHS DORSET ICB - 11J","RDY","DORSET HEALTHCARE UNIVERSITY NHS FOUNDATION TRUST","M031","Count_AccessingServices","1310"
"2025-12-01","2025-12-31","SubICB/Provider","11J","NHS DORSET ICB - 11J","RDY","DORSET HEALTHCARE UNIVERSITY NHS FOUNDATION TRUST","M053","Percentage_AccessingServices6WeeksFinishedCourseTreatment","94"
"2025-12-01","2025-12-31","SubICB/Provider","11J","NHS DORSET ICB - 11J","RDY","DORSET HEALTHCARE UNIVERSITY NHS FOUNDATION TRUST","M055","Percentage_AccessingServices18WeeksFinishedCourseTreatment","100"
"2025-12-01","2025-12-31","SubICB/Provider","11J","NHS DORSET ICB - 11J","RDY","DORSET HEALTHCARE UNIVERSITY NHS FOUNDATION TRUST","M056","Count_EndedReferrals","1805"
"2025-12-01","2025-12-31","SubICB/Provider","11J","NHS DORSET ICB - 11J","RDY","DORSET HEALTHCARE UNIVERSITY NHS FOUNDATION TRUST","M076","Count_FinishedCourseTreatment","870"
"2025-12-01","2025-12-31","SubICB/Provider","11J","NHS DORSET ICB - 11J","RDY","DORSET HEALTHCARE UNIVERSITY NHS FOUNDATION TRUST","M1010","Percentage_ReliableDeterioration","7"
"2025-12-01","2025-12-31","SubICB/Provider","11J","NHS DORSET ICB - 11J","RDY","DORSET HEALTHCARE UNIVERSITY NHS FOUNDATION TRUST","M186","Percentage_ReliableImprovement","67"
"2025-12-01","2025-12-31","SubICB/Provider","11J","NHS DORSET ICB - 11J","RDY","DORSET HEALTHCARE UNIVERSITY NHS FOUNDATION TRUST","M189","Count_ReliableDeterioration","55"
"2025-12-01","2025-12-31","SubICB/Provider","11J","NHS DORSET ICB - 11J","RDY","DORSET HEALTHCARE UNIVERSITY NHS FOUNDATION TRUST","M192","Percentage_Recovery","46"
"2025-12-01","2025-12-31","SubICB/Provider","11J","NHS DORSET ICB - 11J","RDY","DORSET HEALTHCARE UNIVERSITY NHS FOUNDATION TRUST","M195","Percentage_ReliableRecovery","43"
"2025-12-01","2025-12-31","SubICB/Provider","13Q","NATIONAL COMMISSIONING HUB 1","RDY","DORSET HEALTHCARE UNIVERSITY NHS FOUNDATION TRUST","M001","Count_ReferralsReceived","*"
"2025-12-01","2025-12-31","SubICB/Provider","13Q","NATIONAL COMMISSIONING HUB 1","RDY","DORSET HEALTHCARE UNIVERSITY NHS FOUNDATION TRUST","M031","Count_AccessingServices","*"
"2025-12-01","2025-12-31","SubICB/Provider","13Q","NATIONAL COMMISSIONING HUB 1","RDY","DORSET HEALTHCARE UNIVERSITY NHS FOUNDATION TRUST","M053","Percentage_AccessingServices6WeeksFinishedCourseTreatment","*"
"2025-12-01","2025-12-31","SubICB/Provider","13Q","NATIONAL COMMISSIONING HUB 1","RDY","DORSET HEALTHCARE UNIVERSITY NHS FOUNDATION TRUST","M055","Percentage_AccessingServices18WeeksFinishedCourseTreatment","*"
"2025-12-01","2025-12-31","SubICB/Provider","13Q","NATIONAL COMMISSIONING HUB 1","RDY","DORSET HEALTHCARE UNIVERSITY NHS FOUNDATION TRUST","M056","Count_EndedReferrals","*"
"2025-12-01","2025-12-31","SubICB/Provider","13Q","NATIONAL COMMISSIONING HUB 1","RDY","DORSET HEALTHCARE UNIVERSITY NHS FOUNDATION TRUST","M076","Count_FinishedCourseTreatment","*"
"2025-12-01","2025-12-31","SubICB/Provider","13Q","NATIONAL COMMISSIONING HUB 1","RDY","DORSET HEALTHCARE UNIVERSITY NHS FOUNDATION TRUST","M1010","Percentage_ReliableDeterioration","*"
"2025-12-01","2025-12-31","SubICB/Provider","13Q","NATIONAL COMMISSIONING HUB 1","RDY","DORSET HEALTHCARE UNIVERSITY NHS FOUNDATION TRUST","M186","Percentage_ReliableImprovement","*"
"2025-12-01","2025-12-31","SubICB/Provider","13Q","NATIONAL COMMISSIONING HUB 1","RDY","DORSET HEALTHCARE UNIVERSITY NHS FOUNDATION TRUST","M189","Count_ReliableDeterioration","*"
"2025-12-01","2025-12-31","SubICB/Provider","13Q","NATIONAL COMMISSIONING HUB 1","RDY","DORSET HEALTHCARE UNIVERSITY NHS FOUNDATION TRUST","M192","Percentage_Recovery","*"
"2025-12-01","2025-12-31","SubICB/Provider","13Q","NATIONAL COMMISSIONING HUB 1","RDY","DORSET HEALTHCARE UNIVERSITY NHS FOUNDATION TRUST","M195","Percentage_ReliableRecovery","*"
"2026-01-01","2026-01-31","Provider","all","all SubICBs","RDY","DORSET HEALTHCARE UNIVERSITY NHS FOUNDATION TRUST","M001","Count_ReferralsReceived","2010"
"2026-01-01","2026-01-31","Provider","all","all SubICBs","RDY","DORSET HEALTHCARE UNIVERSITY NHS FOUNDATION TRUST","M031","Count_AccessingServices","1320"
"2026-01-01","2026-01-31","Provider","all","all SubICBs","RDY","DORSET HEALTHCARE UNIVERSITY NHS FOUNDATION TRUST","M053","Percentage_AccessingServices6WeeksFinishedCourseTreatment","92"
"2026-01-01","2026-01-31","Provider","all","all SubICBs","RDY","DORSET HEALTHCARE UNIVERSITY NHS FOUNDATION TRUST","M055","Percentage_AccessingServices18WeeksFinishedCourseTreatment","100"
"2026-01-01","2026-01-31","Provider","all","all SubICBs","RDY","DORSET HEALTHCARE UNIVERSITY NHS FOUNDATION TRUST","M056","Count_EndedReferrals","1655"
"2026-01-01","2026-01-31","Provider","all","all SubICBs","RDY","DORSET HEALTHCARE UNIVERSITY NHS FOUNDATION TRUST","M076","Count_FinishedCourseTreatment","810"
"2026-01-01","2026-01-31","Provider","all","all SubICBs","RDY","DORSET HEALTHCARE UNIVERSITY NHS FOUNDATION TRUST","M1010","Percentage_ReliableDeterioration","7"
"2026-01-01","2026-01-31","Provider","all","all SubICBs","RDY","DORSET HEALTHCARE UNIVERSITY NHS FOUNDATION TRUST","M186","Percentage_ReliableImprovement","68"
"2026-01-01","2026-01-31","Provider","all","all SubICBs","RDY","DORSET HEALTHCARE UNIVERSITY NHS FOUNDATION TRUST","M189","Count_ReliableDeterioration","55"
"2026-01-01","2026-01-31","Provider","all","all SubICBs","RDY","DORSET HEALTHCARE UNIVERSITY NHS FOUNDATION TRUST","M192","Percentage_Recovery","43"
"2026-01-01","2026-01-31","Provider","all","all SubICBs","RDY","DORSET HEALTHCARE UNIVERSITY NHS FOUNDATION TRUST","M195","Percentage_ReliableRecovery","40"
"2026-01-01","2026-01-31","SubICB/Provider","11J","NHS DORSET ICB - 11J","RDY","DORSET HEALTHCARE UNIVERSITY NHS FOUNDATION TRUST","M001","Count_ReferralsReceived","2005"
"2026-01-01","2026-01-31","SubICB/Provider","11J","NHS DORSET ICB - 11J","RDY","DORSET HEALTHCARE UNIVERSITY NHS FOUNDATION TRUST","M031","Count_AccessingServices","1320"
"2026-01-01","2026-01-31","SubICB/Provider","11J","NHS DORSET ICB - 11J","RDY","DORSET HEALTHCARE UNIVERSITY NHS FOUNDATION TRUST","M053","Percentage_AccessingServices6WeeksFinishedCourseTreatment","92"
"2026-01-01","2026-01-31","SubICB/Provider","11J","NHS DORSET ICB - 11J","RDY","DORSET HEALTHCARE UNIVERSITY NHS FOUNDATION TRUST","M055","Percentage_AccessingServices18WeeksFinishedCourseTreatment","100"
"2026-01-01","2026-01-31","SubICB/Provider","11J","NHS DORSET ICB - 11J","RDY","DORSET HEALTHCARE UNIVERSITY NHS FOUNDATION TRUST","M056","Count_EndedReferrals","1655"
"2026-01-01","2026-01-31","SubICB/Provider","11J","NHS DORSET ICB - 11J","RDY","DORSET HEALTHCARE UNIVERSITY NHS FOUNDATION TRUST","M076","Count_FinishedCourseTreatment","805"
"2026-01-01","2026-01-31","SubICB/Provider","11J","NHS DORSET ICB - 11J","RDY","DORSET HEALTHCARE UNIVERSITY NHS FOUNDATION TRUST","M1010","Percentage_ReliableDeterioration","7"
"2026-01-01","2026-01-31","SubICB/Provider","11J","NHS DORSET ICB - 11J","RDY","DORSET HEALTHCARE UNIVERSITY NHS FOUNDATION TRUST","M186","Percentage_ReliableImprovement","68"
"2026-01-01","2026-01-31","SubICB/Provider","11J","NHS DORSET ICB - 11J","RDY","DORSET HEALTHCARE UNIVERSITY NHS FOUNDATION TRUST","M189","Count_ReliableDeterioration","55"
"2026-01-01","2026-01-31","SubICB/Provider","11J","NHS DORSET ICB - 11J","RDY","DORSET HEALTHCARE UNIVERSITY NHS FOUNDATION TRUST","M192","Percentage_Recovery","43"
"2026-01-01","2026-01-31","SubICB/Provider","11J","NHS DORSET ICB - 11J","RDY","DORSET HEALTHCARE UNIVERSITY NHS FOUNDATION TRUST","M195","Percentage_ReliableRecovery","40"
"2026-01-01","2026-01-31","SubICB/Provider","13Q","NATIONAL COMMISSIONING HUB 1","RDY","DORSET HEALTHCARE UNIVERSITY NHS FOUNDATION TRUST","M001","Count_ReferralsReceived","*"
"2026-01-01","2026-01-31","SubICB/Provider","13Q","NATIONAL COMMISSIONING HUB 1","RDY","DORSET HEALTHCARE UNIVERSITY NHS FOUNDATION TRUST","M031","Count_AccessingServices","*"
"2026-01-01","2026-01-31","SubICB/Provider","13Q","NATIONAL COMMISSIONING HUB 1","RDY","DORSET HEALTHCARE UNIVERSITY NHS FOUNDATION TRUST","M053","Percentage_AccessingServices6WeeksFinishedCourseTreatment","*"
"2026-01-01","2026-01-31","SubICB/Provider","13Q","NATIONAL COMMISSIONING HUB 1","RDY","DORSET HEALTHCARE UNIVERSITY NHS FOUNDATION TRUST","M055","Percentage_AccessingServices18WeeksFinishedCourseTreatment","*"
"2026-01-01","2026-01-31","SubICB/Provider","13Q","NATIONAL COMMISSIONING HUB 1","RDY","DORSET HEALTHCARE UNIVERSITY NHS FOUNDATION TRUST","M056","Count_EndedReferrals","*"
"2026-01-01","2026-01-31","SubICB/Provider","13Q","NATIONAL COMMISSIONING HUB 1","RDY","DORSET HEALTHCARE UNIVERSITY NHS FOUNDATION TRUST","M076","Count_FinishedCourseTreatment","*"
"2026-01-01","2026-01-31","SubICB/Provider","13Q","NATIONAL COMMISSIONING HUB 1","RDY","DORSET HEALTHCARE UNIVERSITY NHS FOUNDATION TRUST","M1010","Percentage_ReliableDeterioration","*"
"2026-01-01","2026-01-31","SubICB/Provider","13Q","NATIONAL COMMISSIONING HUB 1","RDY","DORSET HEALTHCARE UNIVERSITY NHS FOUNDATION TRUST","M186","Percentage_ReliableImprovement","*"
"2026-01-01","2026-01-31","SubICB/Provider","13Q","NATIONAL COMMISSIONING HUB 1","RDY","DORSET HEALTHCARE UNIVERSITY NHS FOUNDATION TRUST","M189","Count_ReliableDeterioration","*"
"2026-01-01","2026-01-31","SubICB/Provider","13Q","NATIONAL COMMISSIONING HUB 1","RDY","DORSET HEALTHCARE UNIVERSITY NHS FOUNDATION TRUST","M192","Percentage_Recovery","*"
"2026-01-01","2026-01-31","SubICB/Provider","13Q","NATIONAL COMMISSIONING HUB 1","RDY","DORSET HEALTHCARE UNIVERSITY NHS FOUNDATION TRUST","M195","Percentage_ReliableRecovery","*"
"2026-02-01","2026-02-28","Provider","all","all SubICBs","RDY","DORSET HEALTHCARE UNIVERSITY NHS FOUNDATION TRUST","M001","Count_ReferralsReceived","1825"
"2026-02-01","2026-02-28","Provider","all","all SubICBs","RDY","DORSET HEALTHCARE UNIVERSITY NHS FOUNDATION TRUST","M031","Count_AccessingServices","1245"
"2026-02-01","2026-02-28","Provider","all","all SubICBs","RDY","DORSET HEALTHCARE UNIVERSITY NHS FOUNDATION TRUST","M053","Percentage_AccessingServices6WeeksFinishedCourseTreatment","91"
"2026-02-01","2026-02-28","Provider","all","all SubICBs","RDY","DORSET HEALTHCARE UNIVERSITY NHS FOUNDATION TRUST","M055","Percentage_AccessingServices18WeeksFinishedCourseTreatment","100"
"2026-02-01","2026-02-28","Provider","all","all SubICBs","RDY","DORSET HEALTHCARE UNIVERSITY NHS FOUNDATION TRUST","M056","Count_EndedReferrals","1735"
"2026-02-01","2026-02-28","Provider","all","all SubICBs","RDY","DORSET HEALTHCARE UNIVERSITY NHS FOUNDATION TRUST","M076","Count_FinishedCourseTreatment","840"
"2026-02-01","2026-02-28","Provider","all","all SubICBs","RDY","DORSET HEALTHCARE UNIVERSITY NHS FOUNDATION TRUST","M1010","Percentage_ReliableDeterioration","6"
"2026-02-01","2026-02-28","Provider","all","all SubICBs","RDY","DORSET HEALTHCARE UNIVERSITY NHS FOUNDATION TRUST","M186","Percentage_ReliableImprovement","64"
"2026-02-01","2026-02-28","Provider","all","all SubICBs","RDY","DORSET HEALTHCARE UNIVERSITY NHS FOUNDATION TRUST","M189","Count_ReliableDeterioration","50"
"2026-02-01","2026-02-28","Provider","all","all SubICBs","RDY","DORSET HEALTHCARE UNIVERSITY NHS FOUNDATION TRUST","M192","Percentage_Recovery","44"
"2026-02-01","2026-02-28","Provider","all","all SubICBs","RDY","DORSET HEALTHCARE UNIVERSITY NHS FOUNDATION TRUST","M195","Percentage_ReliableRecovery","39"
"2026-02-01","2026-02-28","SubICB/Provider","11J","NHS DORSET ICB - 11J","RDY","DORSET HEALTHCARE UNIVERSITY NHS FOUNDATION TRUST","M001","Count_ReferralsReceived","1825"
"2026-02-01","2026-02-28","SubICB/Provider","11J","NHS DORSET ICB - 11J","RDY","DORSET HEALTHCARE UNIVERSITY NHS FOUNDATION TRUST","M031","Count_AccessingServices","1245"
"2026-02-01","2026-02-28","SubICB/Provider","11J","NHS DORSET ICB - 11J","RDY","DORSET HEALTHCARE UNIVERSITY NHS FOUNDATION TRUST","M053","Percentage_AccessingServices6WeeksFinishedCourseTreatment","91"
"2026-02-01","2026-02-28","SubICB/Provider","11J","NHS DORSET ICB - 11J","RDY","DORSET HEALTHCARE UNIVERSITY NHS FOUNDATION TRUST","M055","Percentage_AccessingServices18WeeksFinishedCourseTreatment","100"
"2026-02-01","2026-02-28","SubICB/Provider","11J","NHS DORSET ICB - 11J","RDY","DORSET HEALTHCARE UNIVERSITY NHS FOUNDATION TRUST","M056","Count_EndedReferrals","1730"
"2026-02-01","2026-02-28","SubICB/Provider","11J","NHS DORSET ICB - 11J","RDY","DORSET HEALTHCARE UNIVERSITY NHS FOUNDATION TRUST","M076","Count_FinishedCourseTreatment","835"
"2026-02-01","2026-02-28","SubICB/Provider","11J","NHS DORSET ICB - 11J","RDY","DORSET HEALTHCARE UNIVERSITY NHS FOUNDATION TRUST","M1010","Percentage_ReliableDeterioration","6"
"2026-02-01","2026-02-28","SubICB/Provider","11J","NHS DORSET ICB - 11J","RDY","DORSET HEALTHCARE UNIVERSITY NHS FOUNDATION TRUST","M186","Percentage_ReliableImprovement","64"
"2026-02-01","2026-02-28","SubICB/Provider","11J","NHS DORSET ICB - 11J","RDY","DORSET HEALTHCARE UNIVERSITY NHS FOUNDATION TRUST","M189","Count_ReliableDeterioration","50"
"2026-02-01","2026-02-28","SubICB/Provider","11J","NHS DORSET ICB - 11J","RDY","DORSET HEALTHCARE UNIVERSITY NHS FOUNDATION TRUST","M192","Percentage_Recovery","43"
"2026-02-01","2026-02-28","SubICB/Provider","11J","NHS DORSET ICB - 11J","RDY","DORSET HEALTHCARE UNIVERSITY NHS FOUNDATION TRUST","M195","Percentage_ReliableRecovery","39"
"2026-02-01","2026-02-28","SubICB/Provider","13Q","NATIONAL COMMISSIONING HUB 1","RDY","DORSET HEALTHCARE UNIVERSITY NHS FOUNDATION TRUST","M001","Count_ReferralsReceived","*"
"2026-02-01","2026-02-28","SubICB/Provider","13Q","NATIONAL COMMISSIONING HUB 1","RDY","DORSET HEALTHCARE UNIVERSITY NHS FOUNDATION TRUST","M031","Count_AccessingServices","*"
"2026-02-01","2026-02-28","SubICB/Provider","13Q","NATIONAL COMMISSIONING HUB 1","RDY","DORSET HEALTHCARE UNIVERSITY NHS FOUNDATION TRUST","M053","Percentage_AccessingServices6WeeksFinishedCourseTreatment","*"
"2026-02-01","2026-02-28","SubICB/Provider","13Q","NATIONAL COMMISSIONING HUB 1","RDY","DORSET HEALTHCARE UNIVERSITY NHS FOUNDATION TRUST","M055","Percentage_AccessingServices18WeeksFinishedCourseTreatment","*"
"2026-02-01","2026-02-28","SubICB/Provider","13Q","NATIONAL COMMISSIONING HUB 1","RDY","DORSET HEALTHCARE UNIVERSITY NHS FOUNDATION TRUST","M056","Count_EndedReferrals","*"
"2026-02-01","2026-02-28","SubICB/Provider","13Q","NATIONAL COMMISSIONING HUB 1","RDY","DORSET HEALTHCARE UNIVERSITY NHS FOUNDATION TRUST","M076","Count_FinishedCourseTreatment","*"
"2026-02-01","2026-02-28","SubICB/Provider","13Q","NATIONAL COMMISSIONING HUB 1","RDY","DORSET HEALTHCARE UNIVERSITY NHS FOUNDATION TRUST","M1010","Percentage_ReliableDeterioration","*"
"2026-02-01","2026-02-28","SubICB/Provider","13Q","NATIONAL COMMISSIONING HUB 1","RDY","DORSET HEALTHCARE UNIVERSITY NHS FOUNDATION TRUST","M186","Percentage_ReliableImprovement","*"
"2026-02-01","2026-02-28","SubICB/Provider","13Q","NATIONAL COMMISSIONING HUB 1","RDY","DORSET HEALTHCARE UNIVERSITY NHS FOUNDATION TRUST","M189","Count_ReliableDeterioration","*"
"2026-02-01","2026-02-28","SubICB/Provider","13Q","NATIONAL COMMISSIONING HUB 1","RDY","DORSET HEALTHCARE UNIVERSITY NHS FOUNDATION TRUST","M192","Percentage_Recovery","*"
"2026-02-01","2026-02-28","SubICB/Provider","13Q","NATIONAL COMMISSIONING HUB 1","RDY","DORSET HEALTHCARE UNIVERSITY NHS FOUNDATION TRUST","M195","Percentage_ReliableRecovery","*"
"2026-03-01","2026-03-31","Provider","all","all SubICBs","RDY","DORSET HEALTHCARE UNIVERSITY NHS FOUNDATION TRUST","M001","Count_ReferralsReceived","2060"
"2026-03-01","2026-03-31","Provider","all","all SubICBs","RDY","DORSET HEALTHCARE UNIVERSITY NHS FOUNDATION TRUST","M031","Count_AccessingServices","1240"
"2026-03-01","2026-03-31","Provider","all","all SubICBs","RDY","DORSET HEALTHCARE UNIVERSITY NHS FOUNDATION TRUST","M053","Percentage_AccessingServices6WeeksFinishedCourseTreatment","90"
"2026-03-01","2026-03-31","Provider","all","all SubICBs","RDY","DORSET HEALTHCARE UNIVERSITY NHS FOUNDATION TRUST","M055","Percentage_AccessingServices18WeeksFinishedCourseTreatment","100"
"2026-03-01","2026-03-31","Provider","all","all SubICBs","RDY","DORSET HEALTHCARE UNIVERSITY NHS FOUNDATION TRUST","M056","Count_EndedReferrals","1730"
"2026-03-01","2026-03-31","Provider","all","all SubICBs","RDY","DORSET HEALTHCARE UNIVERSITY NHS FOUNDATION TRUST","M076","Count_FinishedCourseTreatment","820"
"2026-03-01","2026-03-31","Provider","all","all SubICBs","RDY","DORSET HEALTHCARE UNIVERSITY NHS FOUNDATION TRUST","M1010","Percentage_ReliableDeterioration","7"
"2026-03-01","2026-03-31","Provider","all","all SubICBs","RDY","DORSET HEALTHCARE UNIVERSITY NHS FOUNDATION TRUST","M186","Percentage_ReliableImprovement","67"
"2026-03-01","2026-03-31","Provider","all","all SubICBs","RDY","DORSET HEALTHCARE UNIVERSITY NHS FOUNDATION TRUST","M189","Count_ReliableDeterioration","55"
"2026-03-01","2026-03-31","Provider","all","all SubICBs","RDY","DORSET HEALTHCARE UNIVERSITY NHS FOUNDATION TRUST","M192","Percentage_Recovery","47"
"2026-03-01","2026-03-31","Provider","all","all SubICBs","RDY","DORSET HEALTHCARE UNIVERSITY NHS FOUNDATION TRUST","M195","Percentage_ReliableRecovery","43"
"2026-03-01","2026-03-31","SubICB/Provider","11J","NHS DORSET ICB - 11J","RDY","DORSET HEALTHCARE UNIVERSITY NHS FOUNDATION TRUST","M001","Count_ReferralsReceived","2060"
"2026-03-01","2026-03-31","SubICB/Provider","11J","NHS DORSET ICB - 11J","RDY","DORSET HEALTHCARE UNIVERSITY NHS FOUNDATION TRUST","M031","Count_AccessingServices","1235"
"2026-03-01","2026-03-31","SubICB/Provider","11J","NHS DORSET ICB - 11J","RDY","DORSET HEALTHCARE UNIVERSITY NHS FOUNDATION TRUST","M053","Percentage_AccessingServices6WeeksFinishedCourseTreatment","90"
"2026-03-01","2026-03-31","SubICB/Provider","11J","NHS DORSET ICB - 11J","RDY","DORSET HEALTHCARE UNIVERSITY NHS FOUNDATION TRUST","M055","Percentage_AccessingServices18WeeksFinishedCourseTreatment","100"
"2026-03-01","2026-03-31","SubICB/Provider","11J","NHS DORSET ICB - 11J","RDY","DORSET HEALTHCARE UNIVERSITY NHS FOUNDATION TRUST","M056","Count_EndedReferrals","1730"
"2026-03-01","2026-03-31","SubICB/Provider","11J","NHS DORSET ICB - 11J","RDY","DORSET HEALTHCARE UNIVERSITY NHS FOUNDATION TRUST","M076","Count_FinishedCourseTreatment","820"
"2026-03-01","2026-03-31","SubICB/Provider","11J","NHS DORSET ICB - 11J","RDY","DORSET HEALTHCARE UNIVERSITY NHS FOUNDATION TRUST","M1010","Percentage_ReliableDeterioration","7"
"2026-03-01","2026-03-31","SubICB/Provider","11J","NHS DORSET ICB - 11J","RDY","DORSET HEALTHCARE UNIVERSITY NHS FOUNDATION TRUST","M186","Percentage_ReliableImprovement","67"
"2026-03-01","2026-03-31","SubICB/Provider","11J","NHS DORSET ICB - 11J","RDY","DORSET HEALTHCARE UNIVERSITY NHS FOUNDATION TRUST","M189","Count_ReliableDeterioration","55"
"2026-03-01","2026-03-31","SubICB/Provider","11J","NHS DORSET ICB - 11J","RDY","DORSET HEALTHCARE UNIVERSITY NHS FOUNDATION TRUST","M192","Percentage_Recovery","47"
"2026-03-01","2026-03-31","SubICB/Provider","11J","NHS DORSET ICB - 11J","RDY","DORSET HEALTHCARE UNIVERSITY NHS FOUNDATION TRUST","M195","Percentage_ReliableRecovery","43"
"2026-03-01","2026-03-31","SubICB/Provider","13Q","NATIONAL COMMISSIONING HUB 1","RDY","DORSET HEALTHCARE UNIVERSITY NHS FOUNDATION TRUST","M001","Count_ReferralsReceived","*"
"2026-03-01","2026-03-31","SubICB/Provider","13Q","NATIONAL COMMISSIONING HUB 1","RDY","DORSET HEALTHCARE UNIVERSITY NHS FOUNDATION TRUST","M031","Count_AccessingServices","*"
"2026-03-01","2026-03-31","SubICB/Provider","13Q","NATIONAL COMMISSIONING HUB 1","RDY","DORSET HEALTHCARE UNIVERSITY NHS FOUNDATION TRUST","M053","Percentage_AccessingServices6WeeksFinishedCourseTreatment","*"
"2026-03-01","2026-03-31","SubICB/Provider","13Q","NATIONAL COMMISSIONING HUB 1","RDY","DORSET HEALTHCARE UNIVERSITY NHS FOUNDATION TRUST","M055","Percentage_AccessingServices18WeeksFinishedCourseTreatment","*"
"2026-03-01","2026-03-31","SubICB/Provider","13Q","NATIONAL COMMISSIONING HUB 1","RDY","DORSET HEALTHCARE UNIVERSITY NHS FOUNDATION TRUST","M056","Count_EndedReferrals","*"
"2026-03-01","2026-03-31","SubICB/Provider","13Q","NATIONAL COMMISSIONING HUB 1","RDY","DORSET HEALTHCARE UNIVERSITY NHS FOUNDATION TRUST","M076","Count_FinishedCourseTreatment","*"
"2026-03-01","2026-03-31","SubICB/Provider","13Q","NATIONAL COMMISSIONING HUB 1","RDY","DORSET HEALTHCARE UNIVERSITY NHS FOUNDATION TRUST","M1010","Percentage_ReliableDeterioration","*"
"2026-03-01","2026-03-31","SubICB/Provider","13Q","NATIONAL COMMISSIONING HUB 1","RDY","DORSET HEALTHCARE UNIVERSITY NHS FOUNDATION TRUST","M186","Percentage_ReliableImprovement","*"
"2026-03-01","2026-03-31","SubICB/Provider","13Q","NATIONAL COMMISSIONING HUB 1","RDY","DORSET HEALTHCARE UNIVERSITY NHS FOUNDATION TRUST","M189","Count_ReliableDeterioration","*"
"2026-03-01","2026-03-31","SubICB/Provider","13Q","NATIONAL COMMISSIONING HUB 1","RDY","DORSET HEALTHCARE UNIVERSITY NHS FOUNDATION TRUST","M192","Percentage_Recovery","*"
"2026-03-01","2026-03-31","SubICB/Provider","13Q","NATIONAL COMMISSIONING HUB 1","RDY","DORSET HEALTHCARE UNIVERSITY NHS FOUNDATION TRUST","M195","Percentage_ReliableRecovery","*"
"2026-04-01","2026-04-30","Provider","all","all SubICBs","RDY","DORSET HEALTHCARE UNIVERSITY NHS FOUNDATION TRUST","M001","Count_ReferralsReceived","1815"
"2026-04-01","2026-04-30","Provider","all","all SubICBs","RDY","DORSET HEALTHCARE UNIVERSITY NHS FOUNDATION TRUST","M031","Count_AccessingServices","1375"
"2026-04-01","2026-04-30","Provider","all","all SubICBs","RDY","DORSET HEALTHCARE UNIVERSITY NHS FOUNDATION TRUST","M053","Percentage_AccessingServices6WeeksFinishedCourseTreatment","88"
"2026-04-01","2026-04-30","Provider","all","all SubICBs","RDY","DORSET HEALTHCARE UNIVERSITY NHS FOUNDATION TRUST","M055","Percentage_AccessingServices18WeeksFinishedCourseTreatment","99"
"2026-04-01","2026-04-30","Provider","all","all SubICBs","RDY","DORSET HEALTHCARE UNIVERSITY NHS FOUNDATION TRUST","M056","Count_EndedReferrals","1835"
"2026-04-01","2026-04-30","Provider","all","all SubICBs","RDY","DORSET HEALTHCARE UNIVERSITY NHS FOUNDATION TRUST","M076","Count_FinishedCourseTreatment","885"
"2026-04-01","2026-04-30","Provider","all","all SubICBs","RDY","DORSET HEALTHCARE UNIVERSITY NHS FOUNDATION TRUST","M1010","Percentage_ReliableDeterioration","6"
"2026-04-01","2026-04-30","Provider","all","all SubICBs","RDY","DORSET HEALTHCARE UNIVERSITY NHS FOUNDATION TRUST","M186","Percentage_ReliableImprovement","68"
"2026-04-01","2026-04-30","Provider","all","all SubICBs","RDY","DORSET HEALTHCARE UNIVERSITY NHS FOUNDATION TRUST","M189","Count_ReliableDeterioration","50"
"2026-04-01","2026-04-30","Provider","all","all SubICBs","RDY","DORSET HEALTHCARE UNIVERSITY NHS FOUNDATION TRUST","M192","Percentage_Recovery","45"
"2026-04-01","2026-04-30","Provider","all","all SubICBs","RDY","DORSET HEALTHCARE UNIVERSITY NHS FOUNDATION TRUST","M195","Percentage_ReliableRecovery","43"
"2026-04-01","2026-04-30","SubICB/Provider","11J","NHS DORSET ICB - 11J","RDY","DORSET HEALTHCARE UNIVERSITY NHS FOUNDATION TRUST","M001","Count_ReferralsReceived","1815"
"2026-04-01","2026-04-30","SubICB/Provider","11J","NHS DORSET ICB - 11J","RDY","DORSET HEALTHCARE UNIVERSITY NHS FOUNDATION TRUST","M031","Count_AccessingServices","1370"
"2026-04-01","2026-04-30","SubICB/Provider","11J","NHS DORSET ICB - 11J","RDY","DORSET HEALTHCARE UNIVERSITY NHS FOUNDATION TRUST","M053","Percentage_AccessingServices6WeeksFinishedCourseTreatment","88"
"2026-04-01","2026-04-30","SubICB/Provider","11J","NHS DORSET ICB - 11J","RDY","DORSET HEALTHCARE UNIVERSITY NHS FOUNDATION TRUST","M055","Percentage_AccessingServices18WeeksFinishedCourseTreatment","99"
"2026-04-01","2026-04-30","SubICB/Provider","11J","NHS DORSET ICB - 11J","RDY","DORSET HEALTHCARE UNIVERSITY NHS FOUNDATION TRUST","M056","Count_EndedReferrals","1830"
"2026-04-01","2026-04-30","SubICB/Provider","11J","NHS DORSET ICB - 11J","RDY","DORSET HEALTHCARE UNIVERSITY NHS FOUNDATION TRUST","M076","Count_FinishedCourseTreatment","880"
"2026-04-01","2026-04-30","SubICB/Provider","11J","NHS DORSET ICB - 11J","RDY","DORSET HEALTHCARE UNIVERSITY NHS FOUNDATION TRUST","M1010","Percentage_ReliableDeterioration","6"
"2026-04-01","2026-04-30","SubICB/Provider","11J","NHS DORSET ICB - 11J","RDY","DORSET HEALTHCARE UNIVERSITY NHS FOUNDATION TRUST","M186","Percentage_ReliableImprovement","68"
"2026-04-01","2026-04-30","SubICB/Provider","11J","NHS DORSET ICB - 11J","RDY","DORSET HEALTHCARE UNIVERSITY NHS FOUNDATION TRUST","M189","Count_ReliableDeterioration","50"
"2026-04-01","2026-04-30","SubICB/Provider","11J","NHS DORSET ICB - 11J","RDY","DORSET HEALTHCARE UNIVERSITY NHS FOUNDATION TRUST","M192","Percentage_Recovery","45"
"2026-04-01","2026-04-30","SubICB/Provider","11J","NHS DORSET ICB - 11J","RDY","DORSET HEALTHCARE UNIVERSITY NHS FOUNDATION TRUST","M195","Percentage_ReliableRecovery","43"
"2026-04-01","2026-04-30","SubICB/Provider","13Q","NATIONAL COMMISSIONING HUB 1","RDY","DORSET HEALTHCARE UNIVERSITY NHS FOUNDATION TRUST","M001","Count_ReferralsReceived","*"
"2026-04-01","2026-04-30","SubICB/Provider","13Q","NATIONAL COMMISSIONING HUB 1","RDY","DORSET HEALTHCARE UNIVERSITY NHS FOUNDATION TRUST","M031","Count_AccessingServices","*"
"2026-04-01","2026-04-30","SubICB/Provider","13Q","NATIONAL COMMISSIONING HUB 1","RDY","DORSET HEALTHCARE UNIVERSITY NHS FOUNDATION TRUST","M053","Percentage_AccessingServices6WeeksFinishedCourseTreatment","*"
"2026-04-01","2026-04-30","SubICB/Provider","13Q","NATIONAL COMMISSIONING HUB 1","RDY","DORSET HEALTHCARE UNIVERSITY NHS FOUNDATION TRUST","M055","Percentage_AccessingServices18WeeksFinishedCourseTreatment","*"
"2026-04-01","2026-04-30","SubICB/Provider","13Q","NATIONAL COMMISSIONING HUB 1","RDY","DORSET HEALTHCARE UNIVERSITY NHS FOUNDATION TRUST","M056","Count_EndedReferrals","*"
"2026-04-01","2026-04-30","SubICB/Provider","13Q","NATIONAL COMMISSIONING HUB 1","RDY","DORSET HEALTHCARE UNIVERSITY NHS FOUNDATION TRUST","M076","Count_FinishedCourseTreatment","*"
"2026-04-01","2026-04-30","SubICB/Provider","13Q","NATIONAL COMMISSIONING HUB 1","RDY","DORSET HEALTHCARE UNIVERSITY NHS FOUNDATION TRUST","M1010","Percentage_ReliableDeterioration","*"
"2026-04-01","2026-04-30","SubICB/Provider","13Q","NATIONAL COMMISSIONING HUB 1","RDY","DORSET HEALTHCARE UNIVERSITY NHS FOUNDATION TRUST","M186","Percentage_ReliableImprovement","*"
"2026-04-01","2026-04-30","SubICB/Provider","13Q","NATIONAL COMMISSIONING HUB 1","RDY","DORSET HEALTHCARE UNIVERSITY NHS FOUNDATION TRUST","M189","Count_ReliableDeterioration","*"
"2026-04-01","2026-04-30","SubICB/Provider","13Q","NATIONAL COMMISSIONING HUB 1","RDY","DORSET HEALTHCARE UNIVERSITY NHS FOUNDATION TRUST","M192","Percentage_Recovery","*"
"2026-04-01","2026-04-30","SubICB/Provider","13Q","NATIONAL COMMISSIONING HUB 1","RDY","DORSET HEALTHCARE UNIVERSITY NHS FOUNDATION TRUST","M195","Percentage_ReliableRecovery","*"
