"ReportingPeriodStartDate","ReportingPeriodEndDate","Org_Code","DataTable","UID","DataItem","Valid","Default","Invalid","Missing","Denominator"
"2026-03-01","2026-03-31","RDY","All","All","Organisation Submission",1,0,0,0,1
"2026-03-01","2026-03-31","RDY","CYP000 CSDS Header","C000010","DATA SET VERSION NUMBER",5,0,0,0,5
"2026-03-01","2026-03-31","RDY","CYP000 CSDS Header","C000020","ORGANISATION IDENTIFIER (CODE OF PROVIDER)",5,0,0,0,5
"2026-03-01","2026-03-31","RDY","CYP000 CSDS Header","C000030","ORGANISATION IDENTIFIER (CODE OF SUBMITTING ORGANISATION)",5,0,0,0,5
"2026-03-01","2026-03-31","RDY","CYP000 CSDS Header","C000040","REPORTING PERIOD START DATE",5,0,0,0,5
"2026-03-01","2026-03-31","RDY","CYP000 CSDS Header","C000050","REPORTING PERIOD END DATE",5,0,0,0,5
"2026-03-01","2026-03-31","RDY","CYP000 CSDS Header","C000060","DATE AND TIME DATA SET CREATED",5,0,0,0,5
"2026-03-01","2026-03-31","RDY","CYP000 CSDS Header","C000070","PRIMARY DATA COLLECTION SYSTEM IN USE",5,0,0,0,5
"2026-03-01","2026-03-31","RDY","CYP000 CSDS Header","CYP000","CYP000 Table Submission",1,0,0,0,1
"2026-03-01","2026-03-31","RDY","CYP001 Master Patient Index and Risk Indicators","C001010","ORGANISATION IDENTIFIER (LOCAL PATIENT IDENTIFIER)",231430,0,0,0,231430
"2026-03-01","2026-03-31","RDY","CYP001 Master Patient Index and Risk Indicators","C001030","ORGANISATION IDENTIFIER (EDUCATIONAL ESTABLISHMENT)",77120,0,0,154310,231430
"2026-03-01","2026-03-31","RDY","CYP001 Master Patient Index and Risk Indicators","C001040","NHS NUMBER",231265,0,0,165,231430
"2026-03-01","2026-03-31","RDY","CYP001 Master Patient Index and Risk Indicators","C001050","NHS NUMBER STATUS INDICATOR CODE",231430,0,0,0,231430
"2026-03-01","2026-03-31","RDY","CYP001 Master Patient Index and Risk Indicators","C001060","PERSON BIRTH DATE",231430,0,0,0,231430
"2026-03-01","2026-03-31","RDY","CYP001 Master Patient Index and Risk Indicators","C001070","POSTCODE OF USUAL ADDRESS",231430,0,0,0,231430
"2026-03-01","2026-03-31","RDY","CYP001 Master Patient Index and Risk Indicators","C001080","PERSON STATED GENDER CODE",231420,5,0,0,231430
"2026-03-01","2026-03-31","RDY","CYP001 Master Patient Index and Risk Indicators","C001090","ETHNIC CATEGORY",56670,174760,0,0,231430
"2026-03-01","2026-03-31","RDY","CYP001 Master Patient Index and Risk Indicators","C001100","LANGUAGE CODE (PREFERRED)",0,0,0,231430,231430
"2026-03-01","2026-03-31","RDY","CYP001 Master Patient Index and Risk Indicators","C001110","PERSON RELATIONSHIP (MAIN CARER)",0,0,0,231430,231430
"2026-03-01","2026-03-31","RDY","CYP001 Master Patient Index and Risk Indicators","C001120","HEALTH VISITOR FIRST ANTENATAL VISIT DATE",0,0,0,231430,231430
"2026-03-01","2026-03-31","RDY","CYP001 Master Patient Index and Risk Indicators","C001130","LOOKED AFTER CHILD INDICATOR",154485,0,0,1685,156175
"2026-03-01","2026-03-31","RDY","CYP001 Master Patient Index and Risk Indicators","C001140","SAFEGUARDING VULNERABILITY FACTORS INDICATOR",148250,0,0,7925,156175
"2026-03-01","2026-03-31","RDY","CYP001 Master Patient Index and Risk Indicators","C001150","CONSTANT SUPERVISION AND CARE REQUIRED DUE TO DISABILITY INDICATOR",231430,0,0,0,231430
"2026-03-01","2026-03-31","RDY","CYP001 Master Patient Index and Risk Indicators","C001160","EDUCATIONAL ASSESSMENT OUTCOME",0,0,0,231430,231430
"2026-03-01","2026-03-31","RDY","CYP001 Master Patient Index and Risk Indicators","C001170","PREFERRED DEATH LOCATION DISCUSSED INDICATOR",231430,0,0,0,231430
"2026-03-01","2026-03-31","RDY","CYP001 Master Patient Index and Risk Indicators","C001180","PERSON AT RISK OF UNEXPECTED DEATH INDICATOR",0,0,0,231430,231430
"2026-03-01","2026-03-31","RDY","CYP001 Master Patient Index and Risk Indicators","C001190","DEATH LOCATION TYPE CODE (PREFERRED)",110,5,0,231315,231430
"2026-03-01","2026-03-31","RDY","CYP001 Master Patient Index and Risk Indicators","C001200","PERSON DEATH DATE",300,0,0,231130,231430
"2026-03-01","2026-03-31","RDY","CYP001 Master Patient Index and Risk Indicators","C001210","DEATH LOCATION TYPE CODE (ACTUAL)",5,0,0,231425,231430
"2026-03-01","2026-03-31","RDY","CYP001 Master Patient Index and Risk Indicators","C001220","DEATH NOT AT PREFERRED LOCATION REASON",0,0,0,231430,231430
"2026-03-01","2026-03-31","RDY","CYP001 Master Patient Index and Risk Indicators","C001230","NHS NUMBER (MOTHER)",0,0,0,156175,156175
"2026-03-01","2026-03-31","RDY","CYP001 Master Patient Index and Risk Indicators","C001240","NHS NUMBER STATUS INDICATOR CODE (MOTHER)",0,0,0,231430,231430
"2026-03-01","2026-03-31","RDY","CYP001 Master Patient Index and Risk Indicators","C001250","ETHNIC CATEGORY 2021",0,0,0,231430,231430
"2026-03-01","2026-03-31","RDY","CYP001 Master Patient Index and Risk Indicators","C001901","LOCAL PATIENT IDENTIFIER (EXTENDED)",231430,0,0,0,231430
"2026-03-01","2026-03-31","RDY","CYP001 Master Patient Index and Risk Indicators","CYP001","CYP001 Table Submission",1,0,0,0,1
"2026-03-01","2026-03-31","RDY","CYP002 GP Practice Registration","C002010","GENERAL MEDICAL PRACTICE (PATIENT REGISTRATION)",40795,190635,0,0,231435
"2026-03-01","2026-03-31","RDY","CYP002 GP Practice Registration","C002020","START DATE (GMP PATIENT REGISTRATION)",235,0,0,231200,231435
"2026-03-01","2026-03-31","RDY","CYP002 GP Practice Registration","C002030","END DATE (GMP PATIENT REGISTRATION)",5,0,0,231430,231435
"2026-03-01","2026-03-31","RDY","CYP002 GP Practice Registration","C002901","LOCAL PATIENT IDENTIFIER (EXTENDED)",231435,0,0,0,231435
"2026-03-01","2026-03-31","RDY","CYP002 GP Practice Registration","CYP002","CYP002 Table Submission",1,0,0,0,1
"2026-03-01","2026-03-31","RDY","CYP003 Accommodation Type","C003010","ACCOMMODATION STATUS CODE",0,0,0,0,0
"2026-03-01","2026-03-31","RDY","CYP003 Accommodation Type","C003020","ACCOMMODATION STATUS RECORDED DATE",0,0,0,0,0
"2026-03-01","2026-03-31","RDY","CYP003 Accommodation Type","C003901","LOCAL PATIENT IDENTIFIER (EXTENDED)",0,0,0,0,0
"2026-03-01","2026-03-31","RDY","CYP003 Accommodation Type","CYP003","CYP003 Table Submission",0,0,0,1,1
"2026-03-01","2026-03-31","RDY","CYP004 Care Plan Type","C004010","CARE PLAN IDENTIFIER",0,0,0,0,0
"2026-03-01","2026-03-31","RDY","CYP004 Care Plan Type","C004030","CARE PLAN TYPE (COMMUNITY CARE)",0,0,0,0,0
"2026-03-01","2026-03-31","RDY","CYP004 Care Plan Type","C004040","CARE PLAN CREATION DATE",0,0,0,0,0
"2026-03-01","2026-03-31","RDY","CYP004 Care Plan Type","C004050","CARE PLAN CREATION TIME",0,0,0,0,0
"2026-03-01","2026-03-31","RDY","CYP004 Care Plan Type","C004060","CARE PLAN LAST UPDATED DATE",0,0,0,0,0
"2026-03-01","2026-03-31","RDY","CYP004 Care Plan Type","C004070","CARE PLAN LAST UPDATED TIME",0,0,0,0,0
"2026-03-01","2026-03-31","RDY","CYP004 Care Plan Type","C004080","CARE PLAN IMPLEMENTATION DATE",0,0,0,0,0
"2026-03-01","2026-03-31","RDY","CYP004 Care Plan Type","C004901","LOCAL PATIENT IDENTIFIER (EXTENDED)",0,0,0,0,0
"2026-03-01","2026-03-31","RDY","CYP004 Care Plan Type","CYP004","CYP004 Table Submission",0,0,0,1,1
"2026-03-01","2026-03-31","RDY","CYP005 Care Plan Agreement","C005010","CARE PLAN IDENTIFIER",0,0,0,0,0
"2026-03-01","2026-03-31","RDY","CYP005 Care Plan Agreement","C005020","CARE PLAN CONTENT AGREED BY",0,0,0,0,0
"2026-03-01","2026-03-31","RDY","CYP005 Care Plan Agreement","C005030","CARE PLAN CONTENT AGREED DATE",0,0,0,0,0
"2026-03-01","2026-03-31","RDY","CYP005 Care Plan Agreement","C005040","CARE PLAN CONTENT AGREED TIME",0,0,0,0,0
"2026-03-01","2026-03-31","RDY","CYP005 Care Plan Agreement","CYP005","CYP005 Table Submission",0,0,0,1,1
"2026-03-01","2026-03-31","RDY","CYP006 Social and Personal Circumstances","C006010","SOCIAL AND PERSONAL CIRCUMSTANCE (SNOMED CT)",0,0,0,0,0
"2026-03-01","2026-03-31","RDY","CYP006 Social and Personal Circumstances","C006020","SOCIAL AND PERSONAL CIRCUMSTANCE RECORDED DATE",0,0,0,0,0
"2026-03-01","2026-03-31","RDY","CYP006 Social and Personal Circumstances","C006901","LOCAL PATIENT IDENTIFIER (EXTENDED)",0,0,0,0,0
"2026-03-01","2026-03-31","RDY","CYP006 Social and Personal Circumstances","CYP006","CYP006 Table Submission",0,0,0,1,1
"2026-03-01","2026-03-31","RDY","CYP007 Employment Status","C007010","EMPLOYMENT STATUS",0,0,0,0,0
"2026-03-01","2026-03-31","RDY","CYP007 Employment Status","C007020","EMPLOYMENT STATUS RECORDED DATE",0,0,0,0,0
"2026-03-01","2026-03-31","RDY","CYP007 Employment Status","C007030","WEEKLY HOURS WORKED",0,0,0,0,0
"2026-03-01","2026-03-31","RDY","CYP007 Employment Status","C007901","LOCAL PATIENT IDENTIFIER (EXTENDED)",0,0,0,0,0
"2026-03-01","2026-03-31","RDY","CYP007 Employment Status","CYP007","CYP007 Table Submission",0,0,0,1,1
"2026-03-01","2026-03-31","RDY","CYP008 Overseas Visitor Charging Category","C008010","OVERSEAS VISITOR CHARGING CATEGORY",0,0,0,0,0
"2026-03-01","2026-03-31","RDY","CYP008 Overseas Visitor Charging Category","C008020","OVERSEAS VISITOR CHARGING CATEGORY APPLICABLE FROM DATE",0,0,0,0,0
"2026-03-01","2026-03-31","RDY","CYP008 Overseas Visitor Charging Category","C008030","OVERSEAS VISITOR CHARGING CATEGORY APPLICABLE END DATE",0,0,0,0,0
"2026-03-01","2026-03-31","RDY","CYP008 Overseas Visitor Charging Category","C008901","LOCAL PATIENT IDENTIFIER (EXTENDED)",0,0,0,0,0
"2026-03-01","2026-03-31","RDY","CYP008 Overseas Visitor Charging Category","CYP008","CYP008 Table Submission",0,0,0,1,1
"2026-03-01","2026-03-31","RDY","CYP101 Service or Team Referral","C101010","REFERRAL REQUEST RECEIVED DATE",271985,0,0,0,271985
"2026-03-01","2026-03-31","RDY","CYP101 Service or Team Referral","C101020","REFERRAL REQUEST RECEIVED TIME",271985,0,0,0,271985
"2026-03-01","2026-03-31","RDY","CYP101 Service or Team Referral","C101030","SOURCE OF REFERRAL FOR COMMUNITY",254900,4415,0,12670,271985
"2026-03-01","2026-03-31","RDY","CYP101 Service or Team Referral","C101040","ORGANISATION IDENTIFIER (REFERRING ORGANISATION)",0,0,0,271985,271985
"2026-03-01","2026-03-31","RDY","CYP101 Service or Team Referral","C101050","REFERRING CARE PROFESSIONAL STAFF GROUP (COMMUNITY CARE)",0,0,0,271985,271985
"2026-03-01","2026-03-31","RDY","CYP101 Service or Team Referral","C101060","PRIORITY TYPE CODE",267075,0,0,4910,271985
"2026-03-01","2026-03-31","RDY","CYP101 Service or Team Referral","C101070","PRIMARY REASON FOR REFERRAL (COMMUNITY CARE)",44945,1235,0,225805,271985
"2026-03-01","2026-03-31","RDY","CYP101 Service or Team Referral","C101080","SERVICE DISCHARGE DATE",11115,0,0,260870,271985
"2026-03-01","2026-03-31","RDY","CYP101 Service or Team Referral","C101090","DISCHARGE LETTER ISSUED DATE (COMMUNITY CARE)",0,0,0,271985,271985
"2026-03-01","2026-03-31","RDY","CYP101 Service or Team Referral","C101901","LOCAL PATIENT IDENTIFIER (EXTENDED)",271985,0,0,0,271985
"2026-03-01","2026-03-31","RDY","CYP101 Service or Team Referral","C101902","SERVICE REQUEST IDENTIFIER",271985,0,0,0,271985
"2026-03-01","2026-03-31","RDY","CYP101 Service or Team Referral","C101905","NHS SERVICE AGREEMENT LINE IDENTIFIER",0,0,0,271985,271985
"2026-03-01","2026-03-31","RDY","CYP101 Service or Team Referral","C101912","ORGANISATION IDENTIFIER (CODE OF COMMISSIONER)",271985,0,0,0,271985
"2026-03-01","2026-03-31","RDY","CYP101 Service or Team Referral","CYP101","CYP101 Table Submission",1,0,0,0,1
"2026-03-01","2026-03-31","RDY","CYP102 Service or Team Type Referred To","C102010","SERVICE OR TEAM TYPE REFERRED TO (COMMUNITY CARE)",271985,0,0,0,271985
"2026-03-01","2026-03-31","RDY","CYP102 Service or Team Type Referred To","C102020","REFERRAL CLOSURE DATE",11485,0,0,260500,271985
"2026-03-01","2026-03-31","RDY","CYP102 Service or Team Type Referred To","C102030","REFERRAL REJECTION DATE",635,0,0,271350,271985
"2026-03-01","2026-03-31","RDY","CYP102 Service or Team Type Referred To","C102040","REFERRAL CLOSURE REASON",6190,0,0,265795,271985
"2026-03-01","2026-03-31","RDY","CYP102 Service or Team Type Referred To","C102050","REFERRAL REJECTION REASON",615,0,0,271370,271985
"2026-03-01","2026-03-31","RDY","CYP102 Service or Team Type Referred To","C102902","SERVICE REQUEST IDENTIFIER",271985,0,0,0,271985
"2026-03-01","2026-03-31","RDY","CYP102 Service or Team Type Referred To","C102905","CARE PROFESSIONAL TEAM LOCAL IDENTIFIER",271985,0,0,5,271985
"2026-03-01","2026-03-31","RDY","CYP102 Service or Team Type Referred To","CYP102","CYP102 Table Submission",1,0,0,0,1
"2026-03-01","2026-03-31","RDY","CYP103 Other Reason for Referral","C103010","OTHER REASON FOR REFERRAL (COMMUNITY CARE)",0,0,0,0,0
"2026-03-01","2026-03-31","RDY","CYP103 Other Reason for Referral","C103902","SERVICE REQUEST IDENTIFIER",0,0,0,0,0
"2026-03-01","2026-03-31","RDY","CYP103 Other Reason for Referral","CYP103","CYP103 Table Submission",0,0,0,1,1
"2026-03-01","2026-03-31","RDY","CYP104 Referral to Treatment","C104010","UNIQUE BOOKING REFERENCE NUMBER (CONVERTED)",0,0,0,33995,33995
"2026-03-01","2026-03-31","RDY","CYP104 Referral to Treatment","C104020","PATIENT PATHWAY IDENTIFIER",33995,0,0,0,33995
"2026-03-01","2026-03-31","RDY","CYP104 Referral to Treatment","C104030","ORGANISATION IDENTIFIER (PATIENT PATHWAY IDENTIFIER ISSUER)",33995,0,0,0,33995
"2026-03-01","2026-03-31","RDY","CYP104 Referral to Treatment","C104040","WAITING TIME MEASUREMENT TYPE (COMMUNITY CARE)",33995,0,0,0,33995
"2026-03-01","2026-03-31","RDY","CYP104 Referral to Treatment","C104050","REFERRAL TO TREATMENT PERIOD START DATE",33870,0,0,125,33995
"2026-03-01","2026-03-31","RDY","CYP104 Referral to Treatment","C104060","REFERRAL TO TREATMENT PERIOD END DATE",26955,0,0,7035,33995
"2026-03-01","2026-03-31","RDY","CYP104 Referral to Treatment","C104070","REFERRAL TO TREATMENT PERIOD STATUS",31935,0,0,2060,33995
"2026-03-01","2026-03-31","RDY","CYP104 Referral to Treatment","C104080","REFERRAL TO TREATMENT PERIOD START TIME",33870,0,0,125,33995
"2026-03-01","2026-03-31","RDY","CYP104 Referral to Treatment","C104090","REFERRAL TO TREATMENT PERIOD END TIME",26955,0,0,7035,33995
"2026-03-01","2026-03-31","RDY","CYP104 Referral to Treatment","C104902","SERVICE REQUEST IDENTIFIER",33995,0,0,0,33995
"2026-03-01","2026-03-31","RDY","CYP104 Referral to Treatment","CYP104","CYP104 Table Submission",1,0,0,0,1
"2026-03-01","2026-03-31","RDY","CYP105 Onward Referral","C105010","ONWARD REFERRAL DATE",0,0,0,0,0
"2026-03-01","2026-03-31","RDY","CYP105 Onward Referral","C105020","ONWARD REFERRAL REASON (COMMUNITY CARE)",0,0,0,0,0
"2026-03-01","2026-03-31","RDY","CYP105 Onward Referral","C105030","ORGANISATION IDENTIFIER (RECEIVING ORGANISATION)",0,0,0,0,0
"2026-03-01","2026-03-31","RDY","CYP105 Onward Referral","C105902","SERVICE REQUEST IDENTIFIER",0,0,0,0,0
"2026-03-01","2026-03-31","RDY","CYP105 Onward Referral","CYP105","CYP105 Table Submission",0,0,0,1,1
"2026-03-01","2026-03-31","RDY","CYP201 Care Contact","C201010","CARE PROFESSIONAL TEAM LOCAL IDENTIFIER",0,0,0,26445,26445
"2026-03-01","2026-03-31","RDY","CYP201 Care Contact","C201020","CARE CONTACT DATE",26445,0,0,0,26445
"2026-03-01","2026-03-31","RDY","CYP201 Care Contact","C201030","CARE CONTACT TIME",26445,0,0,0,26445
"2026-03-01","2026-03-31","RDY","CYP201 Care Contact","C201040","ADMINISTRATIVE CATEGORY CODE",0,0,0,26445,26445
"2026-03-01","2026-03-31","RDY","CYP201 Care Contact","C201050","CLINICAL CONTACT DURATION OF CARE CONTACT",20475,0,0,5970,26445
"2026-03-01","2026-03-31","RDY","CYP201 Care Contact","C201060","CONSULTATION TYPE",26445,0,0,0,26445
"2026-03-01","2026-03-31","RDY","CYP201 Care Contact","C201070","CARE CONTACT SUBJECT",0,0,0,26445,26445
"2026-03-01","2026-03-31","RDY","CYP201 Care Contact","C201080","CONSULTATION MECHANISM (COMMUNITY CARE)",26445,0,0,0,26445
"2026-03-01","2026-03-31","RDY","CYP201 Care Contact","C201090","GROUP THERAPY INDICATOR",0,0,0,26445,26445
"2026-03-01","2026-03-31","RDY","CYP201 Care Contact","C201100","ATTENDANCE STATUS",26445,0,0,0,26445
"2026-03-01","2026-03-31","RDY","CYP201 Care Contact","C201110","EARLIEST REASONABLE OFFER DATE",0,0,0,26445,26445
"2026-03-01","2026-03-31","RDY","CYP201 Care Contact","C201120","EARLIEST CLINICALLY APPROPRIATE DATE",0,0,0,26445,26445
"2026-03-01","2026-03-31","RDY","CYP201 Care Contact","C201130","CARE CONTACT CANCELLATION DATE",0,0,0,26445,26445
"2026-03-01","2026-03-31","RDY","CYP201 Care Contact","C201140","CARE CONTACT CANCELLATION REASON",0,0,0,26445,26445
"2026-03-01","2026-03-31","RDY","CYP201 Care Contact","C201150","REPLACEMENT APPOINTMENT DATE OFFERED",0,0,0,26445,26445
"2026-03-01","2026-03-31","RDY","CYP201 Care Contact","C201160","REPLACEMENT APPOINTMENT BOOKED DATE",0,0,0,26445,26445
"2026-03-01","2026-03-31","RDY","CYP201 Care Contact","C201902","SERVICE REQUEST IDENTIFIER",26445,0,0,0,26445
"2026-03-01","2026-03-31","RDY","CYP201 Care Contact","C201903","CARE CONTACT IDENTIFIER",26445,0,0,0,26445
"2026-03-01","2026-03-31","RDY","CYP201 Care Contact","C201906","ORGANISATION SITE IDENTIFIER (OF TREATMENT)",0,0,0,26445,26445
"2026-03-01","2026-03-31","RDY","CYP201 Care Contact","C201909","ACTIVITY LOCATION TYPE CODE",0,0,0,26445,26445
"2026-03-01","2026-03-31","RDY","CYP201 Care Contact","C201912","ORGANISATION IDENTIFIER (CODE OF COMMISSIONER)",26445,0,0,0,26445
"2026-03-01","2026-03-31","RDY","CYP201 Care Contact","CYP201","CYP201 Table Submission",1,0,0,0,1
"2026-03-01","2026-03-31","RDY","CYP202 Care Activity","C202010","COMMUNITY CARE ACTIVITY TYPE",23970,0,0,0,23970
"2026-03-01","2026-03-31","RDY","CYP202 Care Activity","C202020","CARE PROFESSIONAL LOCAL IDENTIFIER",20120,0,0,3850,23970
"2026-03-01","2026-03-31","RDY","CYP202 Care Activity","C202030","CLINICAL CONTACT DURATION OF CARE ACTIVITY",21920,0,0,2050,23970
"2026-03-01","2026-03-31","RDY","CYP202 Care Activity","C202040","PROCEDURE SCHEME IN USE (COMMUNITY CARE)",0,0,0,23970,23970
"2026-03-01","2026-03-31","RDY","CYP202 Care Activity","C202050","CODED PROCEDURE (CLINICAL TERMINOLOGY)",0,0,0,23970,23970
"2026-03-01","2026-03-31","RDY","CYP202 Care Activity","C202060","FINDING SCHEME IN USE (COMMUNITY CARE)",0,0,0,23970,23970
"2026-03-01","2026-03-31","RDY","CYP202 Care Activity","C202070","CODED FINDING (CODED CLINICAL ENTRY)",0,0,0,23970,23970
"2026-03-01","2026-03-31","RDY","CYP202 Care Activity","C202080","OBSERVATION SCHEME IN USE (COMMUNITY CARE)",0,0,0,23970,23970
"2026-03-01","2026-03-31","RDY","CYP202 Care Activity","C202090","CODED OBSERVATION (CLINICAL TERMINOLOGY)",0,0,0,23970,23970
"2026-03-01","2026-03-31","RDY","CYP202 Care Activity","C202100","OBSERVATION VALUE",0,0,0,23970,23970
"2026-03-01","2026-03-31","RDY","CYP202 Care Activity","C202110","UCUM UNIT OF MEASUREMENT",0,0,0,23970,23970
"2026-03-01","2026-03-31","RDY","CYP202 Care Activity","C202903","CARE CONTACT IDENTIFIER",23970,0,0,0,23970
"2026-03-01","2026-03-31","RDY","CYP202 Care Activity","C202904","CARE ACTIVITY IDENTIFIER",23970,0,0,0,23970
"2026-03-01","2026-03-31","RDY","CYP202 Care Activity","CYP202","CYP202 Table Submission",1,0,0,0,1
"2026-03-01","2026-03-31","RDY","CYP301 Group Session","C301010","GROUP SESSION IDENTIFIER",0,0,0,0,0
"2026-03-01","2026-03-31","RDY","CYP301 Group Session","C301020","GROUP SESSION DATE",0,0,0,0,0
"2026-03-01","2026-03-31","RDY","CYP301 Group Session","C301030","CLINICAL CONTACT DURATION OF GROUP SESSION",0,0,0,0,0
"2026-03-01","2026-03-31","RDY","CYP301 Group Session","C301040","GROUP SESSION TYPE (COMMUNITY CARE)",0,0,0,0,0
"2026-03-01","2026-03-31","RDY","CYP301 Group Session","C301050","NUMBER OF GROUP SESSION PARTICIPANTS",0,0,0,0,0
"2026-03-01","2026-03-31","RDY","CYP301 Group Session","C301060","CARE PROFESSIONAL LOCAL IDENTIFIER",0,0,0,0,0
"2026-03-01","2026-03-31","RDY","CYP301 Group Session","C301905","NHS SERVICE AGREEMENT LINE IDENTIFIER",0,0,0,0,0
"2026-03-01","2026-03-31","RDY","CYP301 Group Session","C301906","ORGANISATION SITE IDENTIFIER (OF TREATMENT)",0,0,0,0,0
"2026-03-01","2026-03-31","RDY","CYP301 Group Session","C301909","ACTIVITY LOCATION TYPE CODE",0,0,0,0,0
"2026-03-01","2026-03-31","RDY","CYP301 Group Session","C301912","ORGANISATION IDENTIFIER (CODE OF COMMISSIONER)",0,0,0,0,0
"2026-03-01","2026-03-31","RDY","CYP301 Group Session","CYP301","CYP301 Table Submission",0,0,0,1,1
"2026-03-01","2026-03-31","RDY","CYP401 Special Educational Need Identified","C401010","SPECIAL EDUCATIONAL NEED TYPE",0,0,0,0,0
"2026-03-01","2026-03-31","RDY","CYP401 Special Educational Need Identified","C401901","LOCAL PATIENT IDENTIFIER (EXTENDED)",0,0,0,0,0
"2026-03-01","2026-03-31","RDY","CYP401 Special Educational Need Identified","CYP401","CYP401 Table Submission",0,0,0,1,1
"2026-03-01","2026-03-31","RDY","CYP402 Safeguarding Vulnerability Factor","C402010","SAFEGUARDING VULNERABILITY FACTORS TYPE",0,0,0,0,0
"2026-03-01","2026-03-31","RDY","CYP402 Safeguarding Vulnerability Factor","C402901","LOCAL PATIENT IDENTIFIER (EXTENDED)",0,0,0,0,0
"2026-03-01","2026-03-31","RDY","CYP402 Safeguarding Vulnerability Factor","CYP402","CYP402 Table Submission",0,0,0,1,1
"2026-03-01","2026-03-31","RDY","CYP403 Child Protection Plan","C403010","CHILD PROTECTION PLAN REASON CODE",0,0,0,0,0
"2026-03-01","2026-03-31","RDY","CYP403 Child Protection Plan","C403020","CHILD PROTECTION PLAN START DATE",0,0,0,0,0
"2026-03-01","2026-03-31","RDY","CYP403 Child Protection Plan","C403030","CHILD PROTECTION PLAN END DATE",0,0,0,0,0
"2026-03-01","2026-03-31","RDY","CYP403 Child Protection Plan","C403901","LOCAL PATIENT IDENTIFIER (EXTENDED)",0,0,0,0,0
"2026-03-01","2026-03-31","RDY","CYP403 Child Protection Plan","CYP403","CYP403 Table Submission",0,0,0,1,1
"2026-03-01","2026-03-31","RDY","CYP404 Assistive Technology To Support Disability Type","C404010","ASSISTIVE TECHNOLOGY FINDING (SNOMED CT)",0,0,0,0,0
"2026-03-01","2026-03-31","RDY","CYP404 Assistive Technology To Support Disability Type","C404020","PRESCRIPTION DATE (ASSISTIVE TECHNOLOGY)",0,0,0,0,0
"2026-03-01","2026-03-31","RDY","CYP404 Assistive Technology To Support Disability Type","C404901","LOCAL PATIENT IDENTIFIER (EXTENDED)",0,0,0,0,0
"2026-03-01","2026-03-31","RDY","CYP404 Assistive Technology To Support Disability Type","CYP404","CYP404 Table Submission",0,0,0,1,1
"2026-03-01","2026-03-31","RDY","CYP501 Coded Immunisation","C501010","PROCEDURE SCHEME IN USE (COMMUNITY CARE)",0,0,0,0,0
"2026-03-01","2026-03-31","RDY","CYP501 Coded Immunisation","C501020","IMMUNISATION PROCEDURE (CLINICAL TERMINOLOGY)",0,0,0,0,0
"2026-03-01","2026-03-31","RDY","CYP501 Coded Immunisation","C501901","LOCAL PATIENT IDENTIFIER (EXTENDED)",0,0,0,0,0
"2026-03-01","2026-03-31","RDY","CYP501 Coded Immunisation","C501907","IMMUNISATION DATE",0,0,0,0,0
"2026-03-01","2026-03-31","RDY","CYP501 Coded Immunisation","C501908","ORGANISATION IDENTIFIER (IMMUNISATION RESPONSIBLE ORGANISATION)",0,0,0,0,0
"2026-03-01","2026-03-31","RDY","CYP501 Coded Immunisation","CYP501","CYP501 Table Submission",0,0,0,1,1
"2026-03-01","2026-03-31","RDY","CYP502 Immunisation","C502010","CHILDHOOD IMMUNISATION TYPE (CHILDREN AND YOUNG PEOPLE'S HEALTH SERVICES)",0,0,0,0,0
"2026-03-01","2026-03-31","RDY","CYP502 Immunisation","C502901","LOCAL PATIENT IDENTIFIER (EXTENDED)",0,0,0,0,0
"2026-03-01","2026-03-31","RDY","CYP502 Immunisation","C502907","IMMUNISATION DATE",0,0,0,0,0
"2026-03-01","2026-03-31","RDY","CYP502 Immunisation","C502908","ORGANISATION IDENTIFIER (IMMUNISATION RESPONSIBLE ORGANISATION)",0,0,0,0,0
"2026-03-01","2026-03-31","RDY","CYP502 Immunisation","CYP502","CYP502 Table Submission",0,0,0,1,1
"2026-03-01","2026-03-31","RDY","CYP601 Medical History (Previous Diagnosis)","C601010","PREVIOUS DIAGNOSIS (CODED CLINICAL ENTRY)",0,0,0,0,0
"2026-03-01","2026-03-31","RDY","CYP601 Medical History (Previous Diagnosis)","C601020","DIAGNOSIS DATE",0,0,0,0,0
"2026-03-01","2026-03-31","RDY","CYP601 Medical History (Previous Diagnosis)","C601901","LOCAL PATIENT IDENTIFIER (EXTENDED)",0,0,0,0,0
"2026-03-01","2026-03-31","RDY","CYP601 Medical History (Previous Diagnosis)","C601913","DIAGNOSIS SCHEME IN USE (COMMUNITY CARE)",0,0,0,0,0
"2026-03-01","2026-03-31","RDY","CYP601 Medical History (Previous Diagnosis)","CYP601","CYP601 Table Submission",0,0,0,1,1
"2026-03-01","2026-03-31","RDY","CYP602 Disability Type","C602010","DISABILITY CODE",0,0,0,0,0
"2026-03-01","2026-03-31","RDY","CYP602 Disability Type","C602020","DISABILITY IMPACT PERCEPTION",0,0,0,0,0
"2026-03-01","2026-03-31","RDY","CYP602 Disability Type","C602901","LOCAL PATIENT IDENTIFIER (EXTENDED)",0,0,0,0,0
"2026-03-01","2026-03-31","RDY","CYP602 Disability Type","CYP602","CYP602 Table Submission",0,0,0,1,1
"2026-03-01","2026-03-31","RDY","CYP603 Newborn Hearing Screening Audiology Referral","C603010","NEWBORN HEARING SCREENING OUTCOME",10,0,0,0,10
"2026-03-01","2026-03-31","RDY","CYP603 Newborn Hearing Screening Audiology Referral","C603020","SERVICE REQUEST DATE (NEWBORN HEARING AUDIOLOGY)",0,0,0,10,10
"2026-03-01","2026-03-31","RDY","CYP603 Newborn Hearing Screening Audiology Referral","C603030","PROCEDURE DATE (NEWBORN HEARING AUDIOLOGY)",10,0,0,0,10
"2026-03-01","2026-03-31","RDY","CYP603 Newborn Hearing Screening Audiology Referral","C603040","NEWBORN HEARING AUDIOLOGY OUTCOME",0,0,0,10,10
"2026-03-01","2026-03-31","RDY","CYP603 Newborn Hearing Screening Audiology Referral","C603901","LOCAL PATIENT IDENTIFIER (EXTENDED)",10,0,0,0,10
"2026-03-01","2026-03-31","RDY","CYP603 Newborn Hearing Screening Audiology Referral","CYP603","CYP603 Table Submission",1,0,0,0,1
"2026-03-01","2026-03-31","RDY","CYP604 Blood Spot Result","C604010","BLOOD SPOT CARD COMPLETION DATE",0,0,0,0,0
"2026-03-01","2026-03-31","RDY","CYP604 Blood Spot Result","C604020","NEWBORN BLOOD SPOT TEST RESULT RECEIVED DATE",0,0,0,0,0
"2026-03-01","2026-03-31","RDY","CYP604 Blood Spot Result","C604030","NEWBORN BLOOD SPOT TEST OUTCOME STATUS CODE (PHENYLKETONURIA)",0,0,0,0,0
"2026-03-01","2026-03-31","RDY","CYP604 Blood Spot Result","C604040","NEWBORN BLOOD SPOT TEST OUTCOME STATUS CODE (SICKLE CELL DISEASE)",0,0,0,0,0
"2026-03-01","2026-03-31","RDY","CYP604 Blood Spot Result","C604050","NEWBORN BLOOD SPOT TEST OUTCOME STATUS CODE (CYSTIC FIBROSIS)",0,0,0,0,0
"2026-03-01","2026-03-31","RDY","CYP604 Blood Spot Result","C604060","NEWBORN BLOOD SPOT TEST OUTCOME STATUS CODE (CONGENITAL HYPOTHYROIDISM)",0,0,0,0,0
"2026-03-01","2026-03-31","RDY","CYP604 Blood Spot Result","C604070","NEWBORN BLOOD SPOT TEST OUTCOME STATUS CODE (MEDIUM CHAIN ACYL-COA DEHYDROGENASE DEFICIENCY)",0,0,0,0,0
"2026-03-01","2026-03-31","RDY","CYP604 Blood Spot Result","C604080","NEWBORN BLOOD SPOT TEST OUTCOME STATUS CODE (HOMOCYSTINURIA)",0,0,0,0,0
"2026-03-01","2026-03-31","RDY","CYP604 Blood Spot Result","C604090","NEWBORN BLOOD SPOT TEST OUTCOME STATUS CODE (MAPLE SYRUP URINE DISEASE)",0,0,0,0,0
"2026-03-01","2026-03-31","RDY","CYP604 Blood Spot Result","C604100","NEWBORN BLOOD SPOT TEST OUTCOME STATUS CODE (GLUTARIC ACIDURIA TYPE 1)",0,0,0,0,0
"2026-03-01","2026-03-31","RDY","CYP604 Blood Spot Result","C604110","NEWBORN BLOOD SPOT TEST OUTCOME STATUS CODE (ISOVALERIC ACIDURIA)",0,0,0,0,0
"2026-03-01","2026-03-31","RDY","CYP604 Blood Spot Result","C604901","LOCAL PATIENT IDENTIFIER (EXTENDED)",0,0,0,0,0
"2026-03-01","2026-03-31","RDY","CYP604 Blood Spot Result","CYP604","CYP604 Table Submission",0,0,0,1,1
"2026-03-01","2026-03-31","RDY","CYP605 Infant Physical Examination (GP Delivered)","C605010","INFANT PHYSICAL EXAMINATION DATE",0,0,0,0,0
"2026-03-01","2026-03-31","RDY","CYP605 Infant Physical Examination (GP Delivered)","C605020","INFANT PHYSICAL EXAMINATION RESULT (HIPS)",0,0,0,0,0
"2026-03-01","2026-03-31","RDY","CYP605 Infant Physical Examination (GP Delivered)","C605030","INFANT PHYSICAL EXAMINATION RESULT (HEART)",0,0,0,0,0
"2026-03-01","2026-03-31","RDY","CYP605 Infant Physical Examination (GP Delivered)","C605040","INFANT PHYSICAL EXAMINATION RESULT (EYES)",0,0,0,0,0
"2026-03-01","2026-03-31","RDY","CYP605 Infant Physical Examination (GP Delivered)","C605050","INFANT PHYSICAL EXAMINATION RESULT (TESTES)",0,0,0,0,0
"2026-03-01","2026-03-31","RDY","CYP605 Infant Physical Examination (GP Delivered)","C605901","LOCAL PATIENT IDENTIFIER (EXTENDED)",0,0,0,0,0
"2026-03-01","2026-03-31","RDY","CYP605 Infant Physical Examination (GP Delivered)","CYP605","CYP605 Table Submission",0,0,0,1,1
"2026-03-01","2026-03-31","RDY","CYP606 Provisional Diagnosis","C606010","PROVISIONAL DIAGNOSIS (CODED CLINICAL ENTRY)",0,0,0,0,0
"2026-03-01","2026-03-31","RDY","CYP606 Provisional Diagnosis","C606020","PROVISIONAL DIAGNOSIS DATE",0,0,0,0,0
"2026-03-01","2026-03-31","RDY","CYP606 Provisional Diagnosis","C606902","SERVICE REQUEST IDENTIFIER",0,0,0,0,0
"2026-03-01","2026-03-31","RDY","CYP606 Provisional Diagnosis","C606913","DIAGNOSIS SCHEME IN USE (COMMUNITY CARE)",0,0,0,0,0
"2026-03-01","2026-03-31","RDY","CYP606 Provisional Diagnosis","CYP606","CYP606 Table Submission",0,0,0,1,1
"2026-03-01","2026-03-31","RDY","CYP607 Primary Diagnosis","C607010","PRIMARY DIAGNOSIS (CODED CLINICAL ENTRY)",0,0,0,0,0
"2026-03-01","2026-03-31","RDY","CYP607 Primary Diagnosis","C607020","DIAGNOSIS DATE",0,0,0,0,0
"2026-03-01","2026-03-31","RDY","CYP607 Primary Diagnosis","C607902","SERVICE REQUEST IDENTIFIER",0,0,0,0,0
"2026-03-01","2026-03-31","RDY","CYP607 Primary Diagnosis","C607913","DIAGNOSIS SCHEME IN USE (COMMUNITY CARE)",0,0,0,0,0
"2026-03-01","2026-03-31","RDY","CYP607 Primary Diagnosis","CYP607","CYP607 Table Submission",0,0,0,1,1
"2026-03-01","2026-03-31","RDY","CYP608 Secondary Diagnosis","C608010","SECONDARY DIAGNOSIS (CODED CLINICAL ENTRY)",0,0,0,0,0
"2026-03-01","2026-03-31","RDY","CYP608 Secondary Diagnosis","C608020","DIAGNOSIS DATE",0,0,0,0,0
"2026-03-01","2026-03-31","RDY","CYP608 Secondary Diagnosis","C608902","SERVICE REQUEST IDENTIFIER",0,0,0,0,0
"2026-03-01","2026-03-31","RDY","CYP608 Secondary Diagnosis","C608913","DIAGNOSIS SCHEME IN USE (COMMUNITY CARE)",0,0,0,0,0
"2026-03-01","2026-03-31","RDY","CYP608 Secondary Diagnosis","CYP608","CYP608 Table Submission",0,0,0,1,1
"2026-03-01","2026-03-31","RDY","CYP609 Coded Scored Assessment (Referral)","C609010","ASSESSMENT TOOL COMPLETION DATE",4870,0,0,0,4870
"2026-03-01","2026-03-31","RDY","CYP609 Coded Scored Assessment (Referral)","C609902","SERVICE REQUEST IDENTIFIER",4870,0,0,0,4870
"2026-03-01","2026-03-31","RDY","CYP609 Coded Scored Assessment (Referral)","C609910","CODED ASSESSMENT TOOL TYPE (SNOMED CT)",4870,0,0,0,4870
"2026-03-01","2026-03-31","RDY","CYP609 Coded Scored Assessment (Referral)","C609911","PERSON SCORE",4870,0,0,0,4870
"2026-03-01","2026-03-31","RDY","CYP609 Coded Scored Assessment (Referral)","CYP609","CYP609 Table Submission",1,0,0,0,1
"2026-03-01","2026-03-31","RDY","CYP610 Breastfeeding Status","C610010","BREASTFEEDING STATUS",400,0,0,0,400
"2026-03-01","2026-03-31","RDY","CYP610 Breastfeeding Status","C610904","CARE ACTIVITY IDENTIFIER",400,0,0,0,400
"2026-03-01","2026-03-31","RDY","CYP610 Breastfeeding Status","CYP610","CYP610 Table Submission",1,0,0,0,1
"2026-03-01","2026-03-31","RDY","CYP611 Observation","C611010","PERSON WEIGHT",0,0,0,0,0
"2026-03-01","2026-03-31","RDY","CYP611 Observation","C611020","PERSON HEIGHT IN METRES",0,0,0,0,0
"2026-03-01","2026-03-31","RDY","CYP611 Observation","C611030","PERSON LENGTH IN CENTIMETRES",0,0,0,0,0
"2026-03-01","2026-03-31","RDY","CYP611 Observation","C611904","CARE ACTIVITY IDENTIFIER",0,0,0,0,0
"2026-03-01","2026-03-31","RDY","CYP611 Observation","CYP611","CYP611 Table Submission",0,0,0,1,1
"2026-03-01","2026-03-31","RDY","CYP612 Coded Scored Assessment (Contact)","C612904","CARE ACTIVITY IDENTIFIER",0,0,0,0,0
"2026-03-01","2026-03-31","RDY","CYP612 Coded Scored Assessment (Contact)","C612910","CODED ASSESSMENT TOOL TYPE (SNOMED CT)",0,0,0,0,0
"2026-03-01","2026-03-31","RDY","CYP612 Coded Scored Assessment (Contact)","C612911","PERSON SCORE",0,0,0,0,0
"2026-03-01","2026-03-31","RDY","CYP612 Coded Scored Assessment (Contact)","CYP612","CYP612 Table Submission",0,0,0,1,1
"2026-03-01","2026-03-31","RDY","CYP613 Anonymous Self-Assessment","C613010","ASSESSMENT TOOL COMPLETION DATE",0,0,0,0,0
"2026-03-01","2026-03-31","RDY","CYP613 Anonymous Self-Assessment","C613909","ACTIVITY LOCATION TYPE CODE",0,0,0,0,0
"2026-03-01","2026-03-31","RDY","CYP613 Anonymous Self-Assessment","C613910","CODED ASSESSMENT TOOL TYPE (SNOMED CT)",0,0,0,0,0
"2026-03-01","2026-03-31","RDY","CYP613 Anonymous Self-Assessment","C613911","PERSON SCORE",0,0,0,0,0
"2026-03-01","2026-03-31","RDY","CYP613 Anonymous Self-Assessment","C613912","ORGANISATION IDENTIFIER (CODE OF COMMISSIONER)",0,0,0,0,0
"2026-03-01","2026-03-31","RDY","CYP613 Anonymous Self-Assessment","CYP613","CYP613 Table Submission",0,0,0,1,1
"2026-03-01","2026-03-31","RDY","CYP901 Staff Details","C901010","CARE PROFESSIONAL LOCAL IDENTIFIER",0,0,0,0,0
"2026-03-01","2026-03-31","RDY","CYP901 Staff Details","C901020","PROFESSIONAL REGISTRATION BODY CODE",0,0,0,0,0
"2026-03-01","2026-03-31","RDY","CYP901 Staff Details","C901030","PROFESSIONAL REGISTRATION ENTRY IDENTIFIER",0,0,0,0,0
"2026-03-01","2026-03-31","RDY","CYP901 Staff Details","C901040","CARE PROFESSIONAL STAFF GROUP (COMMUNITY CARE)",0,0,0,0,0
"2026-03-01","2026-03-31","RDY","CYP901 Staff Details","C901050","OCCUPATION CODE",0,0,0,0,0
"2026-03-01","2026-03-31","RDY","CYP901 Staff Details","C901060","CARE PROFESSIONAL (JOB ROLE CODE)",0,0,0,0,0
"2026-03-01","2026-03-31","RDY","CYP901 Staff Details","CYP901","CYP901 Table Submission",0,0,0,1,1
