"Reporting_Period","Status","Reporting_Level","Provider_Code","Provider_Name","DQ_Measure","DQ_Measure_Name","DQ_Result","DQ_Dataset_Metric_ID","Unit","Value"
"Apr-26","Performance","Provider","RDY","DORSET HEALTHCARE UNIVERSITY NHS FOUNDATION TRUST","MHS-DQM12","Organisation Identifier (Of Commissioner) - Referral","Valid","3.12.1","Count","28155"
"Apr-26","Performance","Provider","RDY","DORSET HEALTHCARE UNIVERSITY NHS FOUNDATION TRUST","MHS-DQM59","Organisation Identifier (code of specialised responsible commissioner) - Indirect Activity","Invalid","3.59.4","Count","1620"
"Apr-26","Performance","Provider","RDY","DORSET HEALTHCARE UNIVERSITY NHS FOUNDATION TRUST","MHS-DQM71","Start Time (Restrictive Intervention Incident)","Valid","3.71.1","Count","125"
"Apr-26","Performance","Provider","RDY","DORSET HEALTHCARE UNIVERSITY NHS FOUNDATION TRUST","MHS-DIM17","Mental Health Act - Start time (Midnight)","Integrity","7.17","Percentage","*"
"Apr-26","Performance","Provider","RDY","DORSET HEALTHCARE UNIVERSITY NHS FOUNDATION TRUST","MHS-DQM77","Sex Of Patients Code (Mental Health)","Invalid","3.77.4","Percentage","*"
"Apr-26","Performance","Provider","RDY","DORSET HEALTHCARE UNIVERSITY NHS FOUNDATION TRUST","MHS-DQM82","Gender Identity Same At Birth Indicator Code","Default","3.82.3","Percentage","95"
"Apr-26","Performance","Provider","RDY","DORSET HEALTHCARE UNIVERSITY NHS FOUNDATION TRUST","MHS-DQM59","Organisation Identifier (code of specialised responsible commissioner) - Indirect Activity","Default","3.59.3","Percentage","*"
"Apr-26","Performance","Provider","RDY","DORSET HEALTHCARE UNIVERSITY NHS FOUNDATION TRUST","MHS-DQM46","Primary Diagnosis date","Invalid","3.46.4","Percentage","13"
"Apr-26","Performance","Provider","RDY","DORSET HEALTHCARE UNIVERSITY NHS FOUNDATION TRUST","MHS-DQM16","Organisation Identifier (Of Commissioner) - Hospital Provider Spell Commissioner","Valid","3.16.1","Percentage","100"
"Apr-26","Performance","Provider","RDY","DORSET HEALTHCARE UNIVERSITY NHS FOUNDATION TRUST","MHS-DQM14","Organisation Identifier (Of Commissioner) - Indirect Activity","Invalid","3.14.4","Percentage","*"
"Apr-26","Performance","Provider","RDY","DORSET HEALTHCARE UNIVERSITY NHS FOUNDATION TRUST","MHS-DIM12","Referral request received time (Hour)","Integrity","7.12","Percentage","29"
"Apr-26","Performance","Provider","RDY","DORSET HEALTHCARE UNIVERSITY NHS FOUNDATION TRUST","MHS-DQM04","Person Stated Gender Code","Default","3.4.3","Percentage","*"
"Apr-26","Performance","Provider","RDY","DORSET HEALTHCARE UNIVERSITY NHS FOUNDATION TRUST","MHS-DQM82","Gender Identity Same At Birth Indicator Code","Default","3.82.3","Count","22690"
"Apr-26","Performance","Provider","RDY","DORSET HEALTHCARE UNIVERSITY NHS FOUNDATION TRUST","MHS-DQM57","Organisation Identifier (code of specialised responsible commissioner) - Referral","Missing","3.57.5","Count","*"
"Apr-26","Performance","Provider","RDY","DORSET HEALTHCARE UNIVERSITY NHS FOUNDATION TRUST","MHS-DQM80","Locked Ward Indicator","Valid","3.80.1","Count","250"
"Apr-26","Performance","Provider","RDY","DORSET HEALTHCARE UNIVERSITY NHS FOUNDATION TRUST","MHS-DQM79","Ward Security Level","Valid","3.79.1","Count","260"
"Apr-26","Performance","Provider","RDY","DORSET HEALTHCARE UNIVERSITY NHS FOUNDATION TRUST","MHS-DQM46","Primary Diagnosis date","Invalid","3.46.4","Count","330"
"Apr-26","Performance","Provider","RDY","DORSET HEALTHCARE UNIVERSITY NHS FOUNDATION TRUST","MHS-DIM19","Mental Health Act - Start time (Hour)","Integrity","7.19","Count","140"
"Apr-26","Performance","Provider","RDY","DORSET HEALTHCARE UNIVERSITY NHS FOUNDATION TRUST","MHS-DIM02","Referrals to Eating Disorder services starting in RP","Integrity","7.2","Count","30"
"Apr-26","Performance","Provider","RDY","DORSET HEALTHCARE UNIVERSITY NHS FOUNDATION TRUST","MHS-DQM46","Primary Diagnosis date","Missing","3.46.5","Count","*"
"Apr-26","Performance","Provider","RDY","DORSET HEALTHCARE UNIVERSITY NHS FOUNDATION TRUST","MHS-DQM14","Organisation Identifier (Of Commissioner) - Indirect Activity","Invalid","3.14.4","Count","*"
"Apr-26","Performance","Provider","RDY","DORSET HEALTHCARE UNIVERSITY NHS FOUNDATION TRUST","MHS-DQM58","Organisation Identifier (code of specialised responsible commissioner) - Care Contact","Other","3.58.2","Count","*"
"Apr-26","Performance","Provider","RDY","DORSET HEALTHCARE UNIVERSITY NHS FOUNDATION TRUST","MHS-DQM09","Organisation Site Identifier (Of Treatment)","Default","3.9.3","Count","*"
"Apr-26","Performance","Provider","RDY","DORSET HEALTHCARE UNIVERSITY NHS FOUNDATION TRUST","MHS-DQM03","Person Birth Date","Missing","3.3.5","Percentage","*"
"Apr-26","Performance","Provider","RDY","DORSET HEALTHCARE UNIVERSITY NHS FOUNDATION TRUST","MHS-DQM59","Organisation Identifier (code of specialised responsible commissioner) - Indirect Activity","Invalid","3.59.4","Percentage","100"
"Apr-26","Performance","Provider","RDY","DORSET HEALTHCARE UNIVERSITY NHS FOUNDATION TRUST","MHS-DQM57","Organisation Identifier (code of specialised responsible commissioner) - Referral","Other","3.57.2","Count","*"
"Apr-26","Performance","Provider","RDY","DORSET HEALTHCARE UNIVERSITY NHS FOUNDATION TRUST","MHS-DQM51","Referral closure reason","Missing","3.51.5","Count","105"
"Apr-26","Performance","Provider","RDY","DORSET HEALTHCARE UNIVERSITY NHS FOUNDATION TRUST","MHS-DQM56","Delayed discharge; Local Authority of responsibility","Missing","3.56.5","Count","5"
"Apr-26","Performance","Provider","RDY","DORSET HEALTHCARE UNIVERSITY NHS FOUNDATION TRUST","MHS-DQM57","Organisation Identifier (code of specialised responsible commissioner) - Referral","Default","3.57.3","Count","*"
"Apr-26","Performance","Provider","RDY","DORSET HEALTHCARE UNIVERSITY NHS FOUNDATION TRUST","MHS-DQM56","Delayed discharge; Local Authority of responsibility","Valid","3.56.1","Count","30"
"Apr-26","Performance","Provider","RDY","DORSET HEALTHCARE UNIVERSITY NHS FOUNDATION TRUST","MHS-DQM06","General Medical Practice Code (Patient Registration)","Default","3.6.3","Count","330"
"Apr-26","Performance","Provider","RDY","DORSET HEALTHCARE UNIVERSITY NHS FOUNDATION TRUST","MHS-DIM09","Indirect activity time (Midnight)","Integrity","7.9","Count","*"
"Apr-26","Performance","Provider","RDY","DORSET HEALTHCARE UNIVERSITY NHS FOUNDATION TRUST","MHS-DQM56","Delayed discharge; Local Authority of responsibility","Invalid","3.56.4","Count","*"
"Apr-26","Performance","Provider","RDY","DORSET HEALTHCARE UNIVERSITY NHS FOUNDATION TRUST","MHS-DQM31","Mental Health Admitted Patient Classification Type","Valid","3.31.1","Count","260"
"Apr-26","Performance","Provider","RDY","DORSET HEALTHCARE UNIVERSITY NHS FOUNDATION TRUST","MHS-DQM09","Organisation Site Identifier (Of Treatment)","Invalid","3.9.4","Count","*"
"Apr-26","Performance","Provider","RDY","DORSET HEALTHCARE UNIVERSITY NHS FOUNDATION TRUST","MHS-DQM11","Care Professional Service or Team Type Association (Mental Health)","Invalid","3.11.4","Percentage","*"
"Apr-26","Performance","Provider","RDY","DORSET HEALTHCARE UNIVERSITY NHS FOUNDATION TRUST","MHS-DQM06","General Medical Practice Code (Patient Registration)","Default","3.6.3","Percentage","1"
"Apr-26","Performance","Provider","RDY","DORSET HEALTHCARE UNIVERSITY NHS FOUNDATION TRUST","MHS-DQM61","Organisation Identifier (code of specialised responsible commissioner) - Hospital Provider Spell Commissioner Assignment Period","Missing","3.61.5","Percentage","*"
"Apr-26","Performance","Provider","RDY","DORSET HEALTHCARE UNIVERSITY NHS FOUNDATION TRUST","MHS-DQM09","Organisation Site Identifier (Of Treatment)","Valid","3.9.1","Percentage","100"
"Apr-26","Performance","Provider","RDY","DORSET HEALTHCARE UNIVERSITY NHS FOUNDATION TRUST","MHS-DQM14","Organisation Identifier (Of Commissioner) - Indirect Activity","Other","3.14.2","Percentage","*"
"Apr-26","Performance","Provider","RDY","DORSET HEALTHCARE UNIVERSITY NHS FOUNDATION TRUST","MHS-DQM06","General Medical Practice Code (Patient Registration)","Other","3.6.2","Percentage","*"
"Apr-26","Performance","Provider","RDY","DORSET HEALTHCARE UNIVERSITY NHS FOUNDATION TRUST","MHS-DQM68","Decided to Admit Time","Valid","3.68.1","Percentage","*"
"Apr-26","Performance","Provider","RDY","DORSET HEALTHCARE UNIVERSITY NHS FOUNDATION TRUST","MHS-DQM75","Ward Setting Type (Mental Health)","Missing","3.75.5","Percentage","*"
"Apr-26","Performance","Provider","RDY","DORSET HEALTHCARE UNIVERSITY NHS FOUNDATION TRUST","MHS-DQM74","Restrictive Intervention Type","Missing","3.74.5","Percentage","*"
"Apr-26","Performance","Provider","RDY","DORSET HEALTHCARE UNIVERSITY NHS FOUNDATION TRUST","MHS-DQM75","Ward Setting Type (Mental Health)","Invalid","3.75.4","Percentage","*"
"Apr-26","Performance","Provider","RDY","DORSET HEALTHCARE UNIVERSITY NHS FOUNDATION TRUST","MHS-DQM34","Source of Referral","Missing","3.34.5","Percentage","*"
"Apr-26","Performance","Provider","RDY","DORSET HEALTHCARE UNIVERSITY NHS FOUNDATION TRUST","MHS-DQM34","Source of Referral","Invalid","3.34.4","Percentage","*"
"Apr-26","Performance","Provider","RDY","DORSET HEALTHCARE UNIVERSITY NHS FOUNDATION TRUST","MHS-DQM33","Ex-British armed forces indicator","Missing","3.33.5","Count","22175"
"Apr-26","Performance","Provider","RDY","DORSET HEALTHCARE UNIVERSITY NHS FOUNDATION TRUST","MHS-DQM76","Intended Age Group (Mental Health)","Missing","3.76.5","Count","*"
"Apr-26","Performance","Provider","RDY","DORSET HEALTHCARE UNIVERSITY NHS FOUNDATION TRUST","MHS-DQM42","Care plan type","Valid","3.42.1","Count","9805"
"Apr-26","Performance","Provider","RDY","DORSET HEALTHCARE UNIVERSITY NHS FOUNDATION TRUST","MHS-DQM31","Mental Health Admitted Patient Classification Type","Missing","3.31.5","Count","*"
"Apr-26","Performance","Provider","RDY","DORSET HEALTHCARE UNIVERSITY NHS FOUNDATION TRUST","MHS-DQM68","Decided to Admit Time","Missing","3.68.5","Count","240"
"Apr-26","Performance","Provider","RDY","DORSET HEALTHCARE UNIVERSITY NHS FOUNDATION TRUST","MHS-DQM11","Care Professional Service or Team Type Association (Mental Health)","Invalid","3.11.4","Count","*"
"Apr-26","Performance","Provider","RDY","DORSET HEALTHCARE UNIVERSITY NHS FOUNDATION TRUST","MHS-DQM51","Referral closure reason","Invalid","3.51.4","Count","*"
"Apr-26","Performance","Provider","RDY","DORSET HEALTHCARE UNIVERSITY NHS FOUNDATION TRUST","MHS-DQM10","Primary Reason for Referral (Mental Health)","Valid","3.10.1","Percentage","66"
"Apr-26","Performance","Provider","RDY","DORSET HEALTHCARE UNIVERSITY NHS FOUNDATION TRUST","MHS-DQM32","Referred out of area reason (adult acute mental health)","Invalid","3.32.4","Percentage","*"
"Apr-26","Performance","Provider","RDY","DORSET HEALTHCARE UNIVERSITY NHS FOUNDATION TRUST","MHS-DQM57","Organisation Identifier (code of specialised responsible commissioner) - Referral","Other","3.57.2","Percentage","*"
"Apr-26","Performance","Provider","RDY","DORSET HEALTHCARE UNIVERSITY NHS FOUNDATION TRUST","MHS-DQM07","Mental Health Act Legal Status Classification Code","Valid","3.7.1","Percentage","99"
"Apr-26","Performance","Provider","RDY","DORSET HEALTHCARE UNIVERSITY NHS FOUNDATION TRUST","MHS-DQM58","Organisation Identifier (code of specialised responsible commissioner) - Care Contact","Default","3.58.3","Percentage","*"
"Apr-26","Performance","Provider","RDY","DORSET HEALTHCARE UNIVERSITY NHS FOUNDATION TRUST","MHS-DQM05","Ethnic Category Code","Default","3.5.3","Percentage","4"
"Apr-26","Performance","Provider","RDY","DORSET HEALTHCARE UNIVERSITY NHS FOUNDATION TRUST","MHS-DQM13","Organisation Identifier (Of Commissioner) - Contact","Default","3.13.3","Percentage","*"
"Apr-26","Performance","Provider","RDY","DORSET HEALTHCARE UNIVERSITY NHS FOUNDATION TRUST","MHS-DQM05","Ethnic Category Code","Missing","3.5.5","Percentage","*"
"Apr-26","Performance","Provider","RDY","DORSET HEALTHCARE UNIVERSITY NHS FOUNDATION TRUST","MHS-DQM74","Restrictive Intervention Type","Valid","3.74.1","Count","145"
"Apr-26","Performance","Provider","RDY","DORSET HEALTHCARE UNIVERSITY NHS FOUNDATION TRUST","MHS-DIM05","Care contact time (Midnight)","Integrity","7.5","Count","5"
"Apr-26","Performance","Provider","RDY","DORSET HEALTHCARE UNIVERSITY NHS FOUNDATION TRUST","MHS-DIM14","Service discharge time (Hour)","Integrity","7.14","Count","415"
"Apr-26","Performance","Provider","RDY","DORSET HEALTHCARE UNIVERSITY NHS FOUNDATION TRUST","MHS-DQM79","Ward Security Level","Invalid","3.79.4","Count","*"
"Apr-26","Performance","Provider","RDY","DORSET HEALTHCARE UNIVERSITY NHS FOUNDATION TRUST","MHS-DQM77","Sex Of Patients Code (Mental Health)","Missing","3.77.5","Count","*"
"Apr-26","Performance","Provider","RDY","DORSET HEALTHCARE UNIVERSITY NHS FOUNDATION TRUST","MHS-DQM75","Ward Setting Type (Mental Health)","Missing","3.75.5","Count","*"
"Apr-26","Performance","Provider","RDY","DORSET HEALTHCARE UNIVERSITY NHS FOUNDATION TRUST","MHS-DQM72","Restrictive Intervention Reason","Default","3.72.3","Count","*"
"Apr-26","Performance","Provider","RDY","DORSET HEALTHCARE UNIVERSITY NHS FOUNDATION TRUST","MHS-DQM12","Organisation Identifier (Of Commissioner) - Referral","Invalid","3.12.4","Count","50"
"Apr-26","Performance","Provider","RDY","DORSET HEALTHCARE UNIVERSITY NHS FOUNDATION TRUST","MHS-DQM12","Organisation Identifier (Of Commissioner) - Referral","Other","3.12.2","Count","5"
"Apr-26","Performance","Provider","RDY","DORSET HEALTHCARE UNIVERSITY NHS FOUNDATION TRUST","MHS-DQM55","Specialised mental health service code - Ward Stay","Valid","3.55.1","Count","40"
"Apr-26","Performance","Provider","RDY","DORSET HEALTHCARE UNIVERSITY NHS FOUNDATION TRUST","MHS-DQM11","Care Professional Service or Team Type Association (Mental Health)","Valid","3.11.1","Count","10110"
"Apr-26","Performance","Provider","RDY","DORSET HEALTHCARE UNIVERSITY NHS FOUNDATION TRUST","MHS-DQM37","Activity location type code","Valid","3.37.1","Count","24555"
"Apr-26","Performance","Provider","RDY","DORSET HEALTHCARE UNIVERSITY NHS FOUNDATION TRUST","MHS-DQM46","Primary Diagnosis date","Valid","3.46.1","Percentage","87"
"Apr-26","Performance","Provider","RDY","DORSET HEALTHCARE UNIVERSITY NHS FOUNDATION TRUST","MHS-DQM65","Employment Status","Missing","3.65.5","Percentage","*"
"Apr-26","Performance","Provider","RDY","DORSET HEALTHCARE UNIVERSITY NHS FOUNDATION TRUST","MHS-DQM12","Organisation Identifier (Of Commissioner) - Referral","Valid","3.12.1","Percentage","100"
"Apr-26","Performance","Provider","RDY","DORSET HEALTHCARE UNIVERSITY NHS FOUNDATION TRUST","MHS-DQM35","Consultation Mechanism (Mental Health)","Other","3.35.2","Percentage","32"
"Apr-26","Performance","Provider","RDY","DORSET HEALTHCARE UNIVERSITY NHS FOUNDATION TRUST","MHS-DQM64","Accommodation Type","Missing","3.64.5","Percentage","*"
"Apr-26","Performance","Provider","RDY","DORSET HEALTHCARE UNIVERSITY NHS FOUNDATION TRUST","MHS-DQM08","Treatment Function Code (Mental Health)","Valid","3.8.1","Percentage","100"
"Apr-26","Performance","Provider","RDY","DORSET HEALTHCARE UNIVERSITY NHS FOUNDATION TRUST","MHS-DQM35","Consultation Mechanism (Mental Health)","Missing","3.35.5","Percentage","*"
"Apr-26","Performance","Provider","RDY","DORSET HEALTHCARE UNIVERSITY NHS FOUNDATION TRUST","MHS-DQM78","Intended Clinical Care Intensity Code (Mental Health)","Valid","3.78.1","Count","260"
"Apr-26","Performance","Provider","RDY","DORSET HEALTHCARE UNIVERSITY NHS FOUNDATION TRUST","MHS-DQM58","Organisation Identifier (code of specialised responsible commissioner) - Care Contact","Default","3.58.3","Count","*"
"Apr-26","Performance","Provider","RDY","DORSET HEALTHCARE UNIVERSITY NHS FOUNDATION TRUST","MHS-DQM34","Source of Referral","Invalid","3.34.4","Count","*"
"Apr-26","Performance","Provider","RDY","DORSET HEALTHCARE UNIVERSITY NHS FOUNDATION TRUST","MHS-DQM69","Admission Source (Mental Health Provider Spell)","Missing","3.69.5","Count","240"
"Apr-26","Performance","Provider","RDY","DORSET HEALTHCARE UNIVERSITY NHS FOUNDATION TRUST","MHS-DQM57","Organisation Identifier (code of specialised responsible commissioner) - Referral","Invalid","3.57.4","Percentage","100"
"Apr-26","Performance","Provider","RDY","DORSET HEALTHCARE UNIVERSITY NHS FOUNDATION TRUST","MHS-DQM31","Mental Health Admitted Patient Classification Type","Missing","3.31.5","Percentage","*"
"Apr-26","Performance","Provider","RDY","DORSET HEALTHCARE UNIVERSITY NHS FOUNDATION TRUST","MHS-DQM42","Care plan type","Valid","3.42.1","Percentage","100"
"Apr-26","Performance","Provider","RDY","DORSET HEALTHCARE UNIVERSITY NHS FOUNDATION TRUST","MHS-DQM05","Ethnic Category Code","Invalid","3.5.4","Count","*"
"Apr-26","Performance","Provider","RDY","DORSET HEALTHCARE UNIVERSITY NHS FOUNDATION TRUST","MHS-DQM31","Mental Health Admitted Patient Classification Type","Invalid","3.31.4","Count","*"
"Apr-26","Performance","Provider","RDY","DORSET HEALTHCARE UNIVERSITY NHS FOUNDATION TRUST","MHS-DQM73","Start Time (Restrictive Intervention Type)","Valid","3.73.1","Count","145"
"Apr-26","Performance","Provider","RDY","DORSET HEALTHCARE UNIVERSITY NHS FOUNDATION TRUST","MHS-DIM20","Mental Health Act - episodes becoming inactive","Integrity","7.20","Percentage","2"
"Apr-26","Performance","Provider","RDY","DORSET HEALTHCARE UNIVERSITY NHS FOUNDATION TRUST","MHS-DQM34","Source of Referral","Valid","3.34.1","Percentage","100"
"Apr-26","Performance","Provider","RDY","DORSET HEALTHCARE UNIVERSITY NHS FOUNDATION TRUST","MHS-DQM33","Ex-British armed forces indicator","Invalid","3.33.4","Percentage","*"
"Apr-26","Performance","Provider","RDY","DORSET HEALTHCARE UNIVERSITY NHS FOUNDATION TRUST","MHS-DIM13","Referral request received time (Midnight)","Integrity","7.13","Percentage","6"
"Apr-26","Performance","Provider","RDY","DORSET HEALTHCARE UNIVERSITY NHS FOUNDATION TRUST","MHS-DQM66","Disibility Code","Invalid","3.66.4","Percentage","*"
"Apr-26","Performance","Provider","RDY","DORSET HEALTHCARE UNIVERSITY NHS FOUNDATION TRUST","MHS-DQM04","Person Stated Gender Code","Valid","3.4.1","Percentage","100"
"Apr-26","Performance","Provider","RDY","DORSET HEALTHCARE UNIVERSITY NHS FOUNDATION TRUST","MHS-DQM11","Care Professional Service or Team Type Association (Mental Health)","Valid","3.11.1","Percentage","100"
"Apr-26","Performance","Provider","RDY","DORSET HEALTHCARE UNIVERSITY NHS FOUNDATION TRUST","MHS-DQM12","Organisation Identifier (Of Commissioner) - Referral","Invalid","3.12.4","Percentage","0"
"Apr-26","Performance","Provider","RDY","DORSET HEALTHCARE UNIVERSITY NHS FOUNDATION TRUST","MHS-DQM09","Organisation Site Identifier (Of Treatment)","Default","3.9.3","Percentage","*"
"Apr-26","Performance","Provider","RDY","DORSET HEALTHCARE UNIVERSITY NHS FOUNDATION TRUST","MHS-DQM37","Activity location type code","Other","3.37.2","Percentage","22"
"Apr-26","Performance","Provider","RDY","DORSET HEALTHCARE UNIVERSITY NHS FOUNDATION TRUST","MHS-DQM07","Mental Health Act Legal Status Classification Code","Default","3.7.3","Percentage","*"
"Apr-26","Performance","Provider","RDY","DORSET HEALTHCARE UNIVERSITY NHS FOUNDATION TRUST","MHS-DQM02","Postcode Of Usual Address","Missing","3.2.5","Percentage","0"
"Apr-26","Performance","Provider","RDY","DORSET HEALTHCARE UNIVERSITY NHS FOUNDATION TRUST","MHS-DQM78","Intended Clinical Care Intensity Code (Mental Health)","Missing","3.78.5","Count","*"
"Apr-26","Performance","Provider","RDY","DORSET HEALTHCARE UNIVERSITY NHS FOUNDATION TRUST","MHS-DQM16","Organisation Identifier (Of Commissioner) - Hospital Provider Spell Commissioner","Other","3.16.2","Count","*"
"Apr-26","Performance","Provider","RDY","DORSET HEALTHCARE UNIVERSITY NHS FOUNDATION TRUST","MHS-DQM73","Start Time (Restrictive Intervention Type)","Missing","3.73.5","Percentage","*"
"Apr-26","Performance","Provider","RDY","DORSET HEALTHCARE UNIVERSITY NHS FOUNDATION TRUST","MHS-DQM59","Organisation Identifier (code of specialised responsible commissioner) - Indirect Activity","Other","3.59.2","Percentage","*"
"Apr-26","Performance","Provider","RDY","DORSET HEALTHCARE UNIVERSITY NHS FOUNDATION TRUST","MHS-DQM71","Start Time (Restrictive Intervention Incident)","Missing","3.71.5","Percentage","*"
"Apr-26","Performance","Provider","RDY","DORSET HEALTHCARE UNIVERSITY NHS FOUNDATION TRUST","MHS-DQM20","Clinical Response Priority Type","Missing","3.20.5","Count","*"
"Apr-26","Performance","Provider","RDY","DORSET HEALTHCARE UNIVERSITY NHS FOUNDATION TRUST","MHS-DQM08","Treatment Function Code (Mental Health)","Valid","3.8.1","Count","265"
"Apr-26","Performance","Provider","RDY","DORSET HEALTHCARE UNIVERSITY NHS FOUNDATION TRUST","MHS-DQM07","Mental Health Act Legal Status Classification Code","Other","3.7.2","Count","*"
"Apr-26","Performance","Provider","RDY","DORSET HEALTHCARE UNIVERSITY NHS FOUNDATION TRUST","MHS-DQM19","Primary Reason for Referral (Mental Health) (Referral received on or after 1st Jan 2016)","Valid","3.19.1","Count","18115"
"Apr-26","Performance","Provider","RDY","DORSET HEALTHCARE UNIVERSITY NHS FOUNDATION TRUST","MHS-DQM14","Organisation Identifier (Of Commissioner) - Indirect Activity","Valid","3.14.1","Percentage","100"
"Apr-26","Performance","Provider","RDY","DORSET HEALTHCARE UNIVERSITY NHS FOUNDATION TRUST","MHS-DQM57","Organisation Identifier (code of specialised responsible commissioner) - Referral","Missing","3.57.5","Percentage","*"
"Apr-26","Performance","Provider","RDY","DORSET HEALTHCARE UNIVERSITY NHS FOUNDATION TRUST","MHS-DQM47","Secondary Diagnosis date","Missing","3.47.5","Percentage","*"
"Apr-26","Performance","Provider","RDY","DORSET HEALTHCARE UNIVERSITY NHS FOUNDATION TRUST","MHS-DQM39","Clinically Ready for Discharge Period attributable to","Valid","3.39.1","Count","40"
"Apr-26","Performance","Provider","RDY","DORSET HEALTHCARE UNIVERSITY NHS FOUNDATION TRUST","MHS-DQM10","Primary Reason for Referral (Mental Health)","Valid","3.10.1","Count","18175"
"Apr-26","Performance","Provider","RDY","DORSET HEALTHCARE UNIVERSITY NHS FOUNDATION TRUST","MHS-DQM61","Organisation Identifier (code of specialised responsible commissioner) - Hospital Provider Spell Commissioner Assignment Period","Other","3.61.2","Count","*"
"Apr-26","Performance","Provider","RDY","DORSET HEALTHCARE UNIVERSITY NHS FOUNDATION TRUST","MHS-DQM09","Organisation Site Identifier (Of Treatment)","Other","3.9.2","Count","*"
"Apr-26","Performance","Provider","RDY","DORSET HEALTHCARE UNIVERSITY NHS FOUNDATION TRUST","MHS-DQM48","Attended or did not attend","Missing","3.48.5","Count","4185"
"Apr-26","Performance","Provider","RDY","DORSET HEALTHCARE UNIVERSITY NHS FOUNDATION TRUST","MHS-DQM05","Ethnic Category Code","Other","3.5.2","Count","680"
"Apr-26","Performance","Provider","RDY","DORSET HEALTHCARE UNIVERSITY NHS FOUNDATION TRUST","MHS-DQM48","Attended or did not attend","Missing","3.48.5","Percentage","13"
"Apr-26","Performance","Provider","RDY","DORSET HEALTHCARE UNIVERSITY NHS FOUNDATION TRUST","MHS-DQM61","Organisation Identifier (code of specialised responsible commissioner) - Hospital Provider Spell Commissioner Assignment Period","Other","3.61.2","Percentage","*"
"Apr-26","Performance","Provider","RDY","DORSET HEALTHCARE UNIVERSITY NHS FOUNDATION TRUST","MHS-DQM61","Organisation Identifier (code of specialised responsible commissioner) - Hospital Provider Spell Commissioner Assignment Period","Default","3.61.3","Percentage","*"
"Apr-26","Performance","Provider","RDY","DORSET HEALTHCARE UNIVERSITY NHS FOUNDATION TRUST","MHS-DQM51","Referral closure reason","Missing","3.51.5","Percentage","3"
"Apr-26","Performance","Provider","RDY","DORSET HEALTHCARE UNIVERSITY NHS FOUNDATION TRUST","MHS-DQM11","Care Professional Service or Team Type Association (Mental Health)","Other","3.11.2","Count","15"
"Apr-26","Performance","Provider","RDY","DORSET HEALTHCARE UNIVERSITY NHS FOUNDATION TRUST","MHS-DQM38","Clinically ready for discharge delay reason","Other","3.38.2","Count","*"
"Apr-26","Performance","Provider","RDY","DORSET HEALTHCARE UNIVERSITY NHS FOUNDATION TRUST","MHS-DQM13","Organisation Identifier (Of Commissioner) - Contact","Default","3.13.3","Count","*"
"Apr-26","Performance","Provider","RDY","DORSET HEALTHCARE UNIVERSITY NHS FOUNDATION TRUST","MHS-DQM08","Treatment Function Code (Mental Health)","Invalid","3.8.4","Count","*"
"Apr-26","Performance","Provider","RDY","DORSET HEALTHCARE UNIVERSITY NHS FOUNDATION TRUST","MHS-DQM48","Attended or did not attend","Valid","3.48.1","Count","27120"
"Apr-26","Performance","Provider","RDY","DORSET HEALTHCARE UNIVERSITY NHS FOUNDATION TRUST","MHS-DQM75","Ward Setting Type (Mental Health)","Invalid","3.75.4","Count","*"
"Apr-26","Performance","Provider","RDY","DORSET HEALTHCARE UNIVERSITY NHS FOUNDATION TRUST","MHS-DQM04","Person Stated Gender Code","Other","3.4.2","Percentage","0"
"Apr-26","Performance","Provider","RDY","DORSET HEALTHCARE UNIVERSITY NHS FOUNDATION TRUST","MHS-DQM33","Ex-British armed forces indicator","Missing","3.33.5","Percentage","93"
"Apr-26","Performance","Provider","RDY","DORSET HEALTHCARE UNIVERSITY NHS FOUNDATION TRUST","MHS-DQM68","Decided to Admit Time","Missing","3.68.5","Percentage","100"
"Apr-26","Performance","Provider","RDY","DORSET HEALTHCARE UNIVERSITY NHS FOUNDATION TRUST","MHS-DQM37","Activity location type code","Valid","3.37.1","Percentage","78"
"Apr-26","Performance","Provider","RDY","DORSET HEALTHCARE UNIVERSITY NHS FOUNDATION TRUST","MHS-DQM08","Treatment Function Code (Mental Health)","Invalid","3.8.4","Percentage","*"
"Apr-26","Performance","Provider","RDY","DORSET HEALTHCARE UNIVERSITY NHS FOUNDATION TRUST","MHS-DIM06","Onward referral time (Hour)","Integrity","7.6","Percentage","*"
"Apr-26","Performance","Provider","RDY","DORSET HEALTHCARE UNIVERSITY NHS FOUNDATION TRUST","MHS-DQM70","Destination Of Discharge (Hospital Provider Spell)","Valid","3.70.1","Percentage","*"
"Apr-26","Performance","Provider","RDY","DORSET HEALTHCARE UNIVERSITY NHS FOUNDATION TRUST","MHS-DQM13","Organisation Identifier (Of Commissioner) - Contact","Invalid","3.13.4","Percentage","0"
"Apr-26","Performance","Provider","RDY","DORSET HEALTHCARE UNIVERSITY NHS FOUNDATION TRUST","MHS-DQM13","Organisation Identifier (Of Commissioner) - Contact","Other","3.13.2","Count","*"
"Apr-26","Performance","Provider","RDY","DORSET HEALTHCARE UNIVERSITY NHS FOUNDATION TRUST","MHS-DQM07","Mental Health Act Legal Status Classification Code","Missing","3.7.5","Count","*"
"Apr-26","Performance","Provider","RDY","DORSET HEALTHCARE UNIVERSITY NHS FOUNDATION TRUST","MHS-DQM77","Sex Of Patients Code (Mental Health)","Missing","3.77.5","Percentage","*"
"Apr-26","Performance","Provider","RDY","DORSET HEALTHCARE UNIVERSITY NHS FOUNDATION TRUST","MHS-DQM05","Ethnic Category Code","Other","3.5.2","Percentage","3"
"Apr-26","Performance","Provider","RDY","DORSET HEALTHCARE UNIVERSITY NHS FOUNDATION TRUST","MHS-DQM06","General Medical Practice Code (Patient Registration)","Valid","3.6.1","Percentage","99"
"Apr-26","Performance","Provider","RDY","DORSET HEALTHCARE UNIVERSITY NHS FOUNDATION TRUST","MHS-DQM69","Admission Source (Mental Health Provider Spell)","Default","3.69.3","Percentage","*"
"Apr-26","Performance","Provider","RDY","DORSET HEALTHCARE UNIVERSITY NHS FOUNDATION TRUST","MHS-DQM11","Care Professional Service or Team Type Association (Mental Health)","Missing","3.11.5","Percentage","0"
"Apr-26","Performance","Provider","RDY","DORSET HEALTHCARE UNIVERSITY NHS FOUNDATION TRUST","MHS-DQM82","Gender Identity Same At Birth Indicator Code","Invalid","3.82.4","Percentage","*"
"Apr-26","Performance","Provider","RDY","DORSET HEALTHCARE UNIVERSITY NHS FOUNDATION TRUST","MHS-DQM03","Person Birth Date","Valid","3.3.1","Percentage","100"
"Apr-26","Performance","Provider","RDY","DORSET HEALTHCARE UNIVERSITY NHS FOUNDATION TRUST","MHS-DQM33","Ex-British armed forces indicator","Valid","3.33.1","Percentage","7"
"Apr-26","Performance","Provider","RDY","DORSET HEALTHCARE UNIVERSITY NHS FOUNDATION TRUST","MHS-DQM70","Destination Of Discharge (Hospital Provider Spell)","Missing","3.70.5","Count","50"
"Apr-26","Performance","Provider","RDY","DORSET HEALTHCARE UNIVERSITY NHS FOUNDATION TRUST","MHS-DQM48","Attended or did not attend","Invalid","3.48.4","Count","*"
"Apr-26","Performance","Provider","RDY","DORSET HEALTHCARE UNIVERSITY NHS FOUNDATION TRUST","MHS-DQM13","Organisation Identifier (Of Commissioner) - Contact","Valid","3.13.1","Count","31245"
"Apr-26","Performance","Provider","RDY","DORSET HEALTHCARE UNIVERSITY NHS FOUNDATION TRUST","MHS-DQM32","Referred out of area reason (adult acute mental health)","Valid","3.32.1","Count","*"
"Apr-26","Performance","Provider","RDY","DORSET HEALTHCARE UNIVERSITY NHS FOUNDATION TRUST","MHS-DQM07","Mental Health Act Legal Status Classification Code","Default","3.7.3","Count","*"
"Apr-26","Performance","Provider","RDY","DORSET HEALTHCARE UNIVERSITY NHS FOUNDATION TRUST","MHS-DQM04","Person Stated Gender Code","Invalid","3.4.4","Count","*"
"Apr-26","Performance","Provider","RDY","DORSET HEALTHCARE UNIVERSITY NHS FOUNDATION TRUST","MHS-DQM72","Restrictive Intervention Reason","Invalid","3.72.4","Count","*"
"Apr-26","Performance","Provider","RDY","DORSET HEALTHCARE UNIVERSITY NHS FOUNDATION TRUST","MHS-DIM01","Referrals to CYP-MH services starting in RP","Integrity","7.1","Count","630"
"Apr-26","Performance","Provider","RDY","DORSET HEALTHCARE UNIVERSITY NHS FOUNDATION TRUST","MHS-DIM16","Mental Health Act - Ethnicity recording","Integrity","7.16","Count","*"
"Apr-26","Performance","Provider","RDY","DORSET HEALTHCARE UNIVERSITY NHS FOUNDATION TRUST","MHS-DQM82","Gender Identity Same At Birth Indicator Code","Valid","3.82.1","Count","1180"
"Apr-26","Performance","Provider","RDY","DORSET HEALTHCARE UNIVERSITY NHS FOUNDATION TRUST","MHS-DQM32","Referred out of area reason (adult acute mental health)","Invalid","3.32.4","Count","*"
"Apr-26","Performance","Provider","RDY","DORSET HEALTHCARE UNIVERSITY NHS FOUNDATION TRUST","MHS-DQM37","Activity location type code","Invalid","3.37.4","Percentage","*"
"Apr-26","Performance","Provider","RDY","DORSET HEALTHCARE UNIVERSITY NHS FOUNDATION TRUST","MHS-DQM64","Accommodation Type","Invalid","3.64.4","Percentage","*"
"Apr-26","Performance","Provider","RDY","DORSET HEALTHCARE UNIVERSITY NHS FOUNDATION TRUST","MHS-DQM73","Start Time (Restrictive Intervention Type)","Valid","3.73.1","Percentage","100"
"Apr-26","Performance","Provider","RDY","DORSET HEALTHCARE UNIVERSITY NHS FOUNDATION TRUST","MHS-DQM66","Disibility Code","Valid","3.66.1","Count","930"
"Apr-26","Performance","Provider","RDY","DORSET HEALTHCARE UNIVERSITY NHS FOUNDATION TRUST","MHS-DQM70","Destination Of Discharge (Hospital Provider Spell)","Valid","3.70.1","Count","*"
"Apr-26","Performance","Provider","RDY","DORSET HEALTHCARE UNIVERSITY NHS FOUNDATION TRUST","MHS-DQM81","Gender Identity Code","Missing","3.81.5","Count","23870"
"Apr-26","Performance","Provider","RDY","DORSET HEALTHCARE UNIVERSITY NHS FOUNDATION TRUST","MHS-DQM05","Ethnic Category Code","Missing","3.5.5","Count","*"
"Apr-26","Performance","Provider","RDY","DORSET HEALTHCARE UNIVERSITY NHS FOUNDATION TRUST","MHS-DQM07","Mental Health Act Legal Status Classification Code","Other","3.7.2","Percentage","*"
"Apr-26","Performance","Provider","RDY","DORSET HEALTHCARE UNIVERSITY NHS FOUNDATION TRUST","MHS-DQM39","Clinically Ready for Discharge Period attributable to","Missing","3.39.5","Percentage","13"
"Apr-26","Performance","Provider","RDY","DORSET HEALTHCARE UNIVERSITY NHS FOUNDATION TRUST","MHS-DQM76","Intended Age Group (Mental Health)","Missing","3.76.5","Percentage","*"
"Apr-26","Performance","Provider","RDY","DORSET HEALTHCARE UNIVERSITY NHS FOUNDATION TRUST","MHS-DQM14","Organisation Identifier (Of Commissioner) - Indirect Activity","Default","3.14.3","Percentage","*"
"Apr-26","Performance","Provider","RDY","DORSET HEALTHCARE UNIVERSITY NHS FOUNDATION TRUST","MHS-DQM79","Ward Security Level","Valid","3.79.1","Percentage","100"
"Apr-26","Performance","Provider","RDY","DORSET HEALTHCARE UNIVERSITY NHS FOUNDATION TRUST","MHS-DQM38","Clinically ready for discharge delay reason","Missing","3.38.5","Percentage","13"
"Apr-26","Performance","Provider","RDY","DORSET HEALTHCARE UNIVERSITY NHS FOUNDATION TRUST","MHS-DQM53","Specialised mental health service code - Referral","Valid","3.53.1","Percentage","100"
"Apr-26","Performance","Provider","RDY","DORSET HEALTHCARE UNIVERSITY NHS FOUNDATION TRUST","MHS-DQM66","Disibility Code","Missing","3.66.5","Percentage","*"
"Apr-26","Performance","Provider","RDY","DORSET HEALTHCARE UNIVERSITY NHS FOUNDATION TRUST","MHS-DQM04","Person Stated Gender Code","Missing","3.4.5","Count","*"
"Apr-26","Performance","Provider","RDY","DORSET HEALTHCARE UNIVERSITY NHS FOUNDATION TRUST","MHS-DQM82","Gender Identity Same At Birth Indicator Code","Missing","3.82.5","Count","*"
"Apr-26","Performance","Provider","RDY","DORSET HEALTHCARE UNIVERSITY NHS FOUNDATION TRUST","MHS-DQM68","Decided to Admit Time","Valid","3.68.1","Count","*"
"Apr-26","Performance","Provider","RDY","DORSET HEALTHCARE UNIVERSITY NHS FOUNDATION TRUST","MHS-DQM11","Care Professional Service or Team Type Association (Mental Health)","Missing","3.11.5","Count","35"
"Apr-26","Performance","Provider","RDY","DORSET HEALTHCARE UNIVERSITY NHS FOUNDATION TRUST","MHS-DQM61","Organisation Identifier (code of specialised responsible commissioner) - Hospital Provider Spell Commissioner Assignment Period","Invalid","3.61.4","Count","5"
"Apr-26","Performance","Provider","RDY","DORSET HEALTHCARE UNIVERSITY NHS FOUNDATION TRUST","MHS-DQM38","Clinically ready for discharge delay reason","Valid","3.38.1","Count","40"
"Apr-26","Performance","Provider","RDY","DORSET HEALTHCARE UNIVERSITY NHS FOUNDATION TRUST","MHS-DQM64","Accommodation Type","Other","3.64.2","Count","155"
"Apr-26","Performance","Provider","RDY","DORSET HEALTHCARE UNIVERSITY NHS FOUNDATION TRUST","MHS-DQM05","Ethnic Category Code","Default","3.5.3","Count","855"
"Apr-26","Performance","Provider","RDY","DORSET HEALTHCARE UNIVERSITY NHS FOUNDATION TRUST","MHS-DQM56","Delayed discharge; Local Authority of responsibility","Invalid","3.56.4","Percentage","*"
"Apr-26","Performance","Provider","RDY","DORSET HEALTHCARE UNIVERSITY NHS FOUNDATION TRUST","MHS-DQM70","Destination Of Discharge (Hospital Provider Spell)","Default","3.70.3","Percentage","*"
"Apr-26","Performance","Provider","RDY","DORSET HEALTHCARE UNIVERSITY NHS FOUNDATION TRUST","MHS-DQM19","Primary Reason for Referral (Mental Health) (Referral received on or after 1st Jan 2016)","Valid","3.19.1","Percentage","68"
"Apr-26","Performance","Provider","RDY","DORSET HEALTHCARE UNIVERSITY NHS FOUNDATION TRUST","MHS-DQM76","Intended Age Group (Mental Health)","Valid","3.76.1","Percentage","100"
"Apr-26","Performance","Provider","RDY","DORSET HEALTHCARE UNIVERSITY NHS FOUNDATION TRUST","MHS-DQM01","NHS Number","Valid","3.1.1","Count","23855"
"Apr-26","Performance","Provider","RDY","DORSET HEALTHCARE UNIVERSITY NHS FOUNDATION TRUST","MHS-DQM35","Consultation Mechanism (Mental Health)","Other","3.35.2","Count","10020"
"Apr-26","Performance","Provider","RDY","DORSET HEALTHCARE UNIVERSITY NHS FOUNDATION TRUST","MHS-DQM12","Organisation Identifier (Of Commissioner) - Referral","Default","3.12.3","Count","*"
"Apr-26","Performance","Provider","RDY","DORSET HEALTHCARE UNIVERSITY NHS FOUNDATION TRUST","MHS-DQM59","Organisation Identifier (code of specialised responsible commissioner) - Indirect Activity","Other","3.59.2","Count","*"
"Apr-26","Performance","Provider","RDY","DORSET HEALTHCARE UNIVERSITY NHS FOUNDATION TRUST","MHS-DQM18","Service Or Team Type Referred To (Mental Health)","Missing","3.18.5","Count","5"
"Apr-26","Performance","Provider","RDY","DORSET HEALTHCARE UNIVERSITY NHS FOUNDATION TRUST","MHS-DIM20","Mental Health Act - episodes becoming inactive","Integrity","7.20","Count","5"
"Apr-26","Performance","Provider","RDY","DORSET HEALTHCARE UNIVERSITY NHS FOUNDATION TRUST","MHS-DQM34","Source of Referral","Valid","3.34.1","Count","28210"
"Apr-26","Performance","Provider","RDY","DORSET HEALTHCARE UNIVERSITY NHS FOUNDATION TRUST","MHS-DQM02","Postcode Of Usual Address","Missing","3.2.5","Count","15"
"Apr-26","Performance","Provider","RDY","DORSET HEALTHCARE UNIVERSITY NHS FOUNDATION TRUST","MHS-DQM65","Employment Status","Invalid","3.65.4","Count","*"
"Apr-26","Performance","Provider","RDY","DORSET HEALTHCARE UNIVERSITY NHS FOUNDATION TRUST","MHS-DQM33","Ex-British armed forces indicator","Default","3.33.3","Count","25"
"Apr-26","Performance","Provider","RDY","DORSET HEALTHCARE UNIVERSITY NHS FOUNDATION TRUST","MHS-DQM75","Ward Setting Type (Mental Health)","Valid","3.75.1","Count","260"
"Apr-26","Performance","Provider","RDY","DORSET HEALTHCARE UNIVERSITY NHS FOUNDATION TRUST","MHS-DQM38","Clinically ready for discharge delay reason","Invalid","3.38.4","Count","*"
"Apr-26","Performance","Provider","RDY","DORSET HEALTHCARE UNIVERSITY NHS FOUNDATION TRUST","MHS-DQM72","Restrictive Intervention Reason","Valid","3.72.1","Count","125"
"Apr-26","Performance","Provider","RDY","DORSET HEALTHCARE UNIVERSITY NHS FOUNDATION TRUST","MHS-DQM74","Restrictive Intervention Type","Valid","3.74.1","Percentage","100"
"Apr-26","Performance","Provider","RDY","DORSET HEALTHCARE UNIVERSITY NHS FOUNDATION TRUST","MHS-DQM18","Service Or Team Type Referred To (Mental Health)","Missing","3.18.5","Percentage","0"
"Apr-26","Performance","Provider","RDY","DORSET HEALTHCARE UNIVERSITY NHS FOUNDATION TRUST","MHS-DQM80","Locked Ward Indicator","Valid","3.80.1","Percentage","100"
"Apr-26","Performance","Provider","RDY","DORSET HEALTHCARE UNIVERSITY NHS FOUNDATION TRUST","MHS-DQM18","Service Or Team Type Referred To (Mental Health)","Invalid","3.18.4","Count","5"
"Apr-26","Performance","Provider","RDY","DORSET HEALTHCARE UNIVERSITY NHS FOUNDATION TRUST","MHS-DQM76","Intended Age Group (Mental Health)","Valid","3.76.1","Count","260"
"Apr-26","Performance","Provider","RDY","DORSET HEALTHCARE UNIVERSITY NHS FOUNDATION TRUST","MHS-DQM02","Postcode Of Usual Address","Valid","3.2.1","Count","19065"
"Apr-26","Performance","Provider","RDY","DORSET HEALTHCARE UNIVERSITY NHS FOUNDATION TRUST","MHS-DQM04","Person Stated Gender Code","Other","3.4.2","Count","5"
"Apr-26","Performance","Provider","RDY","DORSET HEALTHCARE UNIVERSITY NHS FOUNDATION TRUST","MHS-DQM77","Sex Of Patients Code (Mental Health)","Other","3.77.2","Percentage","52"
"Apr-26","Performance","Provider","RDY","DORSET HEALTHCARE UNIVERSITY NHS FOUNDATION TRUST","MHS-DQM10","Primary Reason for Referral (Mental Health)","Missing","3.10.5","Percentage","34"
"Apr-26","Performance","Provider","RDY","DORSET HEALTHCARE UNIVERSITY NHS FOUNDATION TRUST","MHS-DQM04","Person Stated Gender Code","Missing","3.4.5","Percentage","*"
"Apr-26","Performance","Provider","RDY","DORSET HEALTHCARE UNIVERSITY NHS FOUNDATION TRUST","MHS-DQM66","Disibility Code","Other","3.66.2","Percentage","10"
"Apr-26","Performance","Provider","RDY","DORSET HEALTHCARE UNIVERSITY NHS FOUNDATION TRUST","MHS-DQM80","Locked Ward Indicator","Missing","3.80.5","Percentage","*"
"Apr-26","Performance","Provider","RDY","DORSET HEALTHCARE UNIVERSITY NHS FOUNDATION TRUST","MHS-DQM18","Service Or Team Type Referred To (Mental Health)","Other","3.18.2","Percentage","1"
"Apr-26","Performance","Provider","RDY","DORSET HEALTHCARE UNIVERSITY NHS FOUNDATION TRUST","MHS-DQM32","Referred out of area reason (adult acute mental health)","Valid","3.32.1","Percentage","*"
"Apr-26","Performance","Provider","RDY","DORSET HEALTHCARE UNIVERSITY NHS FOUNDATION TRUST","MHS-DQM58","Organisation Identifier (code of specialised responsible commissioner) - Care Contact","Other","3.58.2","Percentage","*"
"Apr-26","Performance","Provider","RDY","DORSET HEALTHCARE UNIVERSITY NHS FOUNDATION TRUST","MHS-DQM12","Organisation Identifier (Of Commissioner) - Referral","Other","3.12.2","Percentage","0"
"Apr-26","Performance","Provider","RDY","DORSET HEALTHCARE UNIVERSITY NHS FOUNDATION TRUST","MHS-DQM46","Primary Diagnosis date","Missing","3.46.5","Percentage","*"
"Apr-26","Performance","Provider","RDY","DORSET HEALTHCARE UNIVERSITY NHS FOUNDATION TRUST","MHS-DQM20","Clinical Response Priority Type","Missing","3.20.5","Percentage","*"
"Apr-26","Performance","Provider","RDY","DORSET HEALTHCARE UNIVERSITY NHS FOUNDATION TRUST","MHS-DQM80","Locked Ward Indicator","Invalid","3.80.4","Percentage","*"
"Apr-26","Performance","Provider","RDY","DORSET HEALTHCARE UNIVERSITY NHS FOUNDATION TRUST","MHS-DIM08","Indirect activity time (Hour)","Integrity","7.8","Percentage","39"
"Apr-26","Performance","Provider","RDY","DORSET HEALTHCARE UNIVERSITY NHS FOUNDATION TRUST","MHS-DQM52","Estimated discharge date","Missing","3.52.5","Percentage","*"
"Apr-26","Performance","Provider","RDY","DORSET HEALTHCARE UNIVERSITY NHS FOUNDATION TRUST","MHS-DQM11","Care Professional Service or Team Type Association (Mental Health)","Other","3.11.2","Percentage","0"
"Apr-26","Performance","Provider","RDY","DORSET HEALTHCARE UNIVERSITY NHS FOUNDATION TRUST","MHS-DQM37","Activity location type code","Missing","3.37.5","Percentage","*"
"Apr-26","Performance","Provider","RDY","DORSET HEALTHCARE UNIVERSITY NHS FOUNDATION TRUST","MHS-DQM69","Admission Source (Mental Health Provider Spell)","Missing","3.69.5","Percentage","100"
"Apr-26","Performance","Provider","RDY","DORSET HEALTHCARE UNIVERSITY NHS FOUNDATION TRUST","MHS-DQM38","Clinically ready for discharge delay reason","Valid","3.38.1","Percentage","87"
"Apr-26","Performance","Provider","RDY","DORSET HEALTHCARE UNIVERSITY NHS FOUNDATION TRUST","MHS-DQM67","Decided to Admit Date","Valid","3.67.1","Percentage","*"
"Apr-26","Performance","Provider","RDY","DORSET HEALTHCARE UNIVERSITY NHS FOUNDATION TRUST","MHS-DQM31","Mental Health Admitted Patient Classification Type","Valid","3.31.1","Percentage","100"
"Apr-26","Performance","Provider","RDY","DORSET HEALTHCARE UNIVERSITY NHS FOUNDATION TRUST","MHS-DQM20","Clinical Response Priority Type","Valid","3.20.1","Count","210"
"Apr-26","Performance","Provider","RDY","DORSET HEALTHCARE UNIVERSITY NHS FOUNDATION TRUST","MHS-DIM08","Indirect activity time (Hour)","Integrity","7.8","Count","625"
"Apr-26","Performance","Provider","RDY","DORSET HEALTHCARE UNIVERSITY NHS FOUNDATION TRUST","MHS-DQM71","Start Time (Restrictive Intervention Incident)","Missing","3.71.5","Count","*"
"Apr-26","Performance","Provider","RDY","DORSET HEALTHCARE UNIVERSITY NHS FOUNDATION TRUST","MHS-DIM14","Service discharge time (Hour)","Integrity","7.14","Percentage","12"
"Apr-26","Performance","Provider","RDY","DORSET HEALTHCARE UNIVERSITY NHS FOUNDATION TRUST","MHS-DQM52","Estimated discharge date","Valid","3.52.1","Percentage","100"
"Apr-26","Performance","Provider","RDY","DORSET HEALTHCARE UNIVERSITY NHS FOUNDATION TRUST","MHS-DQM64","Accommodation Type","Valid","3.64.1","Percentage","98"
"Apr-26","Performance","Provider","RDY","DORSET HEALTHCARE UNIVERSITY NHS FOUNDATION TRUST","MHS-DQM72","Restrictive Intervention Reason","Valid","3.72.1","Percentage","100"
"Apr-26","Performance","Provider","RDY","DORSET HEALTHCARE UNIVERSITY NHS FOUNDATION TRUST","MHS-DQM81","Gender Identity Code","Default","3.81.3","Percentage","*"
"Apr-26","Performance","Provider","RDY","DORSET HEALTHCARE UNIVERSITY NHS FOUNDATION TRUST","MHS-DQM70","Destination Of Discharge (Hospital Provider Spell)","Default","3.70.3","Count","*"
"Apr-26","Performance","Provider","RDY","DORSET HEALTHCARE UNIVERSITY NHS FOUNDATION TRUST","MHS-DQM10","Primary Reason for Referral (Mental Health)","Invalid","3.10.4","Count","*"
"Apr-26","Performance","Provider","RDY","DORSET HEALTHCARE UNIVERSITY NHS FOUNDATION TRUST","MHS-DQM19","Primary Reason for Referral (Mental Health) (Referral received on or after 1st Jan 2016)","Invalid","3.19.4","Count","*"
"Apr-26","Performance","Provider","RDY","DORSET HEALTHCARE UNIVERSITY NHS FOUNDATION TRUST","MHS-DQM55","Specialised mental health service code - Ward Stay","Invalid","3.55.4","Count","*"
"Apr-26","Performance","Provider","RDY","DORSET HEALTHCARE UNIVERSITY NHS FOUNDATION TRUST","MHS-DQM57","Organisation Identifier (code of specialised responsible commissioner) - Referral","Valid","3.57.1","Count","70"
"Apr-26","Performance","Provider","RDY","DORSET HEALTHCARE UNIVERSITY NHS FOUNDATION TRUST","MHS-DQM52","Estimated discharge date","Valid","3.52.1","Count","240"
"Apr-26","Performance","Provider","RDY","DORSET HEALTHCARE UNIVERSITY NHS FOUNDATION TRUST","MHS-DQM82","Gender Identity Same At Birth Indicator Code","Valid","3.82.1","Percentage","5"
"Apr-26","Performance","Provider","RDY","DORSET HEALTHCARE UNIVERSITY NHS FOUNDATION TRUST","MHS-DQM42","Care plan type","Invalid","3.42.4","Percentage","*"
"Apr-26","Performance","Provider","RDY","DORSET HEALTHCARE UNIVERSITY NHS FOUNDATION TRUST","MHS-DQM61","Organisation Identifier (code of specialised responsible commissioner) - Hospital Provider Spell Commissioner Assignment Period","Invalid","3.61.4","Percentage","18"
"Apr-26","Performance","Provider","RDY","DORSET HEALTHCARE UNIVERSITY NHS FOUNDATION TRUST","MHS-DQM38","Clinically ready for discharge delay reason","Other","3.38.2","Percentage","*"
"Apr-26","Performance","Provider","RDY","DORSET HEALTHCARE UNIVERSITY NHS FOUNDATION TRUST","MHS-DQM70","Destination Of Discharge (Hospital Provider Spell)","Invalid","3.70.4","Percentage","*"
"Apr-26","Performance","Provider","RDY","DORSET HEALTHCARE UNIVERSITY NHS FOUNDATION TRUST","MHS-DQM06","General Medical Practice Code (Patient Registration)","Other","3.6.2","Count","*"
"Apr-26","Performance","Provider","RDY","DORSET HEALTHCARE UNIVERSITY NHS FOUNDATION TRUST","MHS-DQM61","Organisation Identifier (code of specialised responsible commissioner) - Hospital Provider Spell Commissioner Assignment Period","Default","3.61.3","Count","*"
"Apr-26","Performance","Provider","RDY","DORSET HEALTHCARE UNIVERSITY NHS FOUNDATION TRUST","MHS-DQM66","Disibility Code","Other","3.66.2","Count","105"
"Apr-26","Performance","Provider","RDY","DORSET HEALTHCARE UNIVERSITY NHS FOUNDATION TRUST","MHS-DIM12","Referral request received time (Hour)","Integrity","7.12","Count","8210"
"Apr-26","Performance","Provider","RDY","DORSET HEALTHCARE UNIVERSITY NHS FOUNDATION TRUST","MHS-DQM80","Locked Ward Indicator","Missing","3.80.5","Count","*"
"Apr-26","Performance","Provider","RDY","DORSET HEALTHCARE UNIVERSITY NHS FOUNDATION TRUST","MHS-DIM18","Mental Health Act - Start time (Midday)","Integrity","7.18","Count","15"
"Apr-26","Performance","Provider","RDY","DORSET HEALTHCARE UNIVERSITY NHS FOUNDATION TRUST","MHS-DQM65","Employment Status","Valid","3.65.1","Percentage","100"
"Apr-26","Performance","Provider","RDY","DORSET HEALTHCARE UNIVERSITY NHS FOUNDATION TRUST","MHS-DQM72","Restrictive Intervention Reason","Invalid","3.72.4","Percentage","*"
"Apr-26","Performance","Provider","RDY","DORSET HEALTHCARE UNIVERSITY NHS FOUNDATION TRUST","MHS-DQM20","Clinical Response Priority Type","Valid","3.20.1","Percentage","100"
"Apr-26","Performance","Provider","RDY","DORSET HEALTHCARE UNIVERSITY NHS FOUNDATION TRUST","MHS-DIM07","Onward referral time (Midnight)","Integrity","7.7","Percentage","*"
"Apr-26","Performance","Provider","RDY","DORSET HEALTHCARE UNIVERSITY NHS FOUNDATION TRUST","MHS-DIM06","Onward referral time (Hour)","Integrity","7.6","Count","*"
"Apr-26","Performance","Provider","RDY","DORSET HEALTHCARE UNIVERSITY NHS FOUNDATION TRUST","MHS-DQM72","Restrictive Intervention Reason","Missing","3.72.5","Count","*"
"Apr-26","Performance","Provider","RDY","DORSET HEALTHCARE UNIVERSITY NHS FOUNDATION TRUST","MHS-DQM76","Intended Age Group (Mental Health)","Other","3.76.2","Count","*"
"Apr-26","Performance","Provider","RDY","DORSET HEALTHCARE UNIVERSITY NHS FOUNDATION TRUST","MHS-DQM09","Organisation Site Identifier (Of Treatment)","Missing","3.9.5","Count","*"
"Apr-26","Performance","Provider","RDY","DORSET HEALTHCARE UNIVERSITY NHS FOUNDATION TRUST","MHS-DQM16","Organisation Identifier (Of Commissioner) - Hospital Provider Spell Commissioner","Default","3.16.3","Count","*"
"Apr-26","Performance","Provider","RDY","DORSET HEALTHCARE UNIVERSITY NHS FOUNDATION TRUST","MHS-DQM57","Organisation Identifier (code of specialised responsible commissioner) - Referral","Valid","3.57.1","Percentage","0"
"Apr-26","Performance","Provider","RDY","DORSET HEALTHCARE UNIVERSITY NHS FOUNDATION TRUST","MHS-DQM56","Delayed discharge; Local Authority of responsibility","Missing","3.56.5","Percentage","16"
"Apr-26","Performance","Provider","RDY","DORSET HEALTHCARE UNIVERSITY NHS FOUNDATION TRUST","MHS-DIM09","Indirect activity time (Midnight)","Integrity","7.9","Percentage","*"
"Apr-26","Performance","Provider","RDY","DORSET HEALTHCARE UNIVERSITY NHS FOUNDATION TRUST","MHS-DQM56","Delayed discharge; Local Authority of responsibility","Valid","3.56.1","Percentage","81"
"Apr-26","Performance","Provider","RDY","DORSET HEALTHCARE UNIVERSITY NHS FOUNDATION TRUST","MHS-DQM06","General Medical Practice Code (Patient Registration)","Valid","3.6.1","Count","23540"
"Apr-26","Performance","Provider","RDY","DORSET HEALTHCARE UNIVERSITY NHS FOUNDATION TRUST","MHS-DQM69","Admission Source (Mental Health Provider Spell)","Default","3.69.3","Count","*"
"Apr-26","Performance","Provider","RDY","DORSET HEALTHCARE UNIVERSITY NHS FOUNDATION TRUST","MHS-DQM03","Person Birth Date","Valid","3.3.1","Count","23865"
"Apr-26","Performance","Provider","RDY","DORSET HEALTHCARE UNIVERSITY NHS FOUNDATION TRUST","MHS-DQM70","Destination Of Discharge (Hospital Provider Spell)","Invalid","3.70.4","Count","*"
"Apr-26","Performance","Provider","RDY","DORSET HEALTHCARE UNIVERSITY NHS FOUNDATION TRUST","MHS-DQM13","Organisation Identifier (Of Commissioner) - Contact","Invalid","3.13.4","Count","60"
"Apr-26","Performance","Provider","RDY","DORSET HEALTHCARE UNIVERSITY NHS FOUNDATION TRUST","MHS-DQM59","Organisation Identifier (code of specialised responsible commissioner) - Indirect Activity","Missing","3.59.5","Count","*"
"Apr-26","Performance","Provider","RDY","DORSET HEALTHCARE UNIVERSITY NHS FOUNDATION TRUST","MHS-DQM34","Source of Referral","Missing","3.34.5","Count","*"
"Apr-26","Performance","Provider","RDY","DORSET HEALTHCARE UNIVERSITY NHS FOUNDATION TRUST","MHS-DQM74","Restrictive Intervention Type","Missing","3.74.5","Count","*"
"Apr-26","Performance","Provider","RDY","DORSET HEALTHCARE UNIVERSITY NHS FOUNDATION TRUST","MHS-DQM69","Admission Source (Mental Health Provider Spell)","Valid","3.69.1","Percentage","*"
"Apr-26","Performance","Provider","RDY","DORSET HEALTHCARE UNIVERSITY NHS FOUNDATION TRUST","MHS-DQM76","Intended Age Group (Mental Health)","Invalid","3.76.4","Percentage","*"
"Apr-26","Performance","Provider","RDY","DORSET HEALTHCARE UNIVERSITY NHS FOUNDATION TRUST","MHS-DQM03","Person Birth Date","Invalid","3.3.4","Count","*"
"Apr-26","Performance","Provider","RDY","DORSET HEALTHCARE UNIVERSITY NHS FOUNDATION TRUST","MHS-DQM52","Estimated discharge date","Invalid","3.52.4","Count","*"
"Apr-26","Performance","Provider","RDY","DORSET HEALTHCARE UNIVERSITY NHS FOUNDATION TRUST","MHS-DQM07","Mental Health Act Legal Status Classification Code","Invalid","3.7.4","Count","*"
"Apr-26","Performance","Provider","RDY","DORSET HEALTHCARE UNIVERSITY NHS FOUNDATION TRUST","MHS-DQM65","Employment Status","Missing","3.65.5","Count","*"
"Apr-26","Performance","Provider","RDY","DORSET HEALTHCARE UNIVERSITY NHS FOUNDATION TRUST","MHS-DQM46","Primary Diagnosis date","Valid","3.46.1","Count","2170"
"Apr-26","Performance","Provider","RDY","DORSET HEALTHCARE UNIVERSITY NHS FOUNDATION TRUST","MHS-DQM64","Accommodation Type","Missing","3.64.5","Count","*"
"Apr-26","Performance","Provider","RDY","DORSET HEALTHCARE UNIVERSITY NHS FOUNDATION TRUST","MHS-DQM74","Restrictive Intervention Type","Invalid","3.74.4","Count","*"
"Apr-26","Performance","Provider","RDY","DORSET HEALTHCARE UNIVERSITY NHS FOUNDATION TRUST","MHS-DQM16","Organisation Identifier (Of Commissioner) - Hospital Provider Spell Commissioner","Invalid","3.16.4","Percentage","*"
"Apr-26","Performance","Provider","RDY","DORSET HEALTHCARE UNIVERSITY NHS FOUNDATION TRUST","MHS-DQM79","Ward Security Level","Invalid","3.79.4","Percentage","*"
"Apr-26","Performance","Provider","RDY","DORSET HEALTHCARE UNIVERSITY NHS FOUNDATION TRUST","MHS-DIM19","Mental Health Act - Start time (Hour)","Integrity","7.19","Percentage","35"
"Apr-26","Performance","Provider","RDY","DORSET HEALTHCARE UNIVERSITY NHS FOUNDATION TRUST","MHS-DIM05","Care contact time (Midnight)","Integrity","7.5","Percentage","0"
"Apr-26","Performance","Provider","RDY","DORSET HEALTHCARE UNIVERSITY NHS FOUNDATION TRUST","MHS-DQM66","Disibility Code","Invalid","3.66.4","Count","*"
"Apr-26","Performance","Provider","RDY","DORSET HEALTHCARE UNIVERSITY NHS FOUNDATION TRUST","MHS-DQM67","Decided to Admit Date","Missing","3.67.5","Percentage","100"
"Apr-26","Performance","Provider","RDY","DORSET HEALTHCARE UNIVERSITY NHS FOUNDATION TRUST","MHS-DQM65","Employment Status","Invalid","3.65.4","Percentage","*"
"Apr-26","Performance","Provider","RDY","DORSET HEALTHCARE UNIVERSITY NHS FOUNDATION TRUST","MHS-DIM18","Mental Health Act - Start time (Midday)","Integrity","7.18","Percentage","4"
"Apr-26","Performance","Provider","RDY","DORSET HEALTHCARE UNIVERSITY NHS FOUNDATION TRUST","MHS-DQM16","Organisation Identifier (Of Commissioner) - Hospital Provider Spell Commissioner","Valid","3.16.1","Count","40"
"Apr-26","Performance","Provider","RDY","DORSET HEALTHCARE UNIVERSITY NHS FOUNDATION TRUST","MHS-DQM04","Person Stated Gender Code","Default","3.4.3","Count","*"
"Apr-26","Performance","Provider","RDY","DORSET HEALTHCARE UNIVERSITY NHS FOUNDATION TRUST","MHS-DQM58","Organisation Identifier (code of specialised responsible commissioner) - Care Contact","Invalid","3.58.4","Count","31240"
"Apr-26","Performance","Provider","RDY","DORSET HEALTHCARE UNIVERSITY NHS FOUNDATION TRUST","MHS-DQM18","Service Or Team Type Referred To (Mental Health)","Other","3.18.2","Count","210"
"Apr-26","Performance","Provider","RDY","DORSET HEALTHCARE UNIVERSITY NHS FOUNDATION TRUST","MHS-DQM67","Decided to Admit Date","Missing","3.67.5","Count","240"
"Apr-26","Performance","Provider","RDY","DORSET HEALTHCARE UNIVERSITY NHS FOUNDATION TRUST","MHS-DQM58","Organisation Identifier (code of specialised responsible commissioner) - Care Contact","Missing","3.58.5","Count","*"
"Apr-26","Performance","Provider","RDY","DORSET HEALTHCARE UNIVERSITY NHS FOUNDATION TRUST","MHS-DIM03","Coded Procedure (SNOMED Stop Clock for ED)","Integrity","7.3","Percentage","27"
"Apr-26","Performance","Provider","RDY","DORSET HEALTHCARE UNIVERSITY NHS FOUNDATION TRUST","MHS-DQM74","Restrictive Intervention Type","Invalid","3.74.4","Percentage","*"
"Apr-26","Performance","Provider","RDY","DORSET HEALTHCARE UNIVERSITY NHS FOUNDATION TRUST","MHS-DQM12","Organisation Identifier (Of Commissioner) - Referral","Default","3.12.3","Percentage","*"
"Apr-26","Performance","Provider","RDY","DORSET HEALTHCARE UNIVERSITY NHS FOUNDATION TRUST","MHS-DQM61","Organisation Identifier (code of specialised responsible commissioner) - Hospital Provider Spell Commissioner Assignment Period","Missing","3.61.5","Count","*"
"Apr-26","Performance","Provider","RDY","DORSET HEALTHCARE UNIVERSITY NHS FOUNDATION TRUST","MHS-DQM39","Clinically Ready for Discharge Period attributable to","Missing","3.39.5","Count","5"
"Apr-26","Performance","Provider","RDY","DORSET HEALTHCARE UNIVERSITY NHS FOUNDATION TRUST","MHS-DQM78","Intended Clinical Care Intensity Code (Mental Health)","Invalid","3.78.4","Count","*"
"Apr-26","Performance","Provider","RDY","DORSET HEALTHCARE UNIVERSITY NHS FOUNDATION TRUST","MHS-DQM20","Clinical Response Priority Type","Invalid","3.20.4","Percentage","*"
"Apr-26","Performance","Provider","RDY","DORSET HEALTHCARE UNIVERSITY NHS FOUNDATION TRUST","MHS-DQM09","Organisation Site Identifier (Of Treatment)","Other","3.9.2","Percentage","*"
"Apr-26","Performance","Provider","RDY","DORSET HEALTHCARE UNIVERSITY NHS FOUNDATION TRUST","MHS-DQM79","Ward Security Level","Missing","3.79.5","Percentage","*"
"Apr-26","Performance","Provider","RDY","DORSET HEALTHCARE UNIVERSITY NHS FOUNDATION TRUST","MHS-DQM81","Gender Identity Code","Invalid","3.81.4","Percentage","*"
"Apr-26","Performance","Provider","RDY","DORSET HEALTHCARE UNIVERSITY NHS FOUNDATION TRUST","MHS-DQM01","NHS Number","Missing","3.1.5","Percentage","0"
"Apr-26","Performance","Provider","RDY","DORSET HEALTHCARE UNIVERSITY NHS FOUNDATION TRUST","MHS-DQM32","Referred out of area reason (adult acute mental health)","Default","3.32.3","Count","*"
"Apr-26","Performance","Provider","RDY","DORSET HEALTHCARE UNIVERSITY NHS FOUNDATION TRUST","MHS-DQM33","Ex-British armed forces indicator","Invalid","3.33.4","Count","*"
"Apr-26","Performance","Provider","RDY","DORSET HEALTHCARE UNIVERSITY NHS FOUNDATION TRUST","MHS-DIM17","Mental Health Act - Start time (Midnight)","Integrity","7.17","Count","*"
"Apr-26","Performance","Provider","RDY","DORSET HEALTHCARE UNIVERSITY NHS FOUNDATION TRUST","MHS-DQM47","Secondary Diagnosis date","Missing","3.47.5","Count","*"
"Apr-26","Performance","Provider","RDY","DORSET HEALTHCARE UNIVERSITY NHS FOUNDATION TRUST","MHS-DQM59","Organisation Identifier (code of specialised responsible commissioner) - Indirect Activity","Default","3.59.3","Count","*"
"Apr-26","Performance","Provider","RDY","DORSET HEALTHCARE UNIVERSITY NHS FOUNDATION TRUST","MHS-DIM13","Referral request received time (Midnight)","Integrity","7.13","Count","1780"
"Apr-26","Performance","Provider","RDY","DORSET HEALTHCARE UNIVERSITY NHS FOUNDATION TRUST","MHS-DQM16","Organisation Identifier (Of Commissioner) - Hospital Provider Spell Commissioner","Invalid","3.16.4","Count","*"
"Apr-26","Performance","Provider","RDY","DORSET HEALTHCARE UNIVERSITY NHS FOUNDATION TRUST","MHS-DQM37","Activity location type code","Other","3.37.2","Count","6750"
"Apr-26","Performance","Provider","RDY","DORSET HEALTHCARE UNIVERSITY NHS FOUNDATION TRUST","MHS-DQM53","Specialised mental health service code - Referral","Invalid","3.53.4","Count","*"
"Apr-26","Performance","Provider","RDY","DORSET HEALTHCARE UNIVERSITY NHS FOUNDATION TRUST","MHS-DQM69","Admission Source (Mental Health Provider Spell)","Invalid","3.69.4","Percentage","*"
"Apr-26","Performance","Provider","RDY","DORSET HEALTHCARE UNIVERSITY NHS FOUNDATION TRUST","MHS-DIM16","Mental Health Act - Ethnicity recording","Integrity","7.16","Percentage","*"
"Apr-26","Performance","Provider","RDY","DORSET HEALTHCARE UNIVERSITY NHS FOUNDATION TRUST","MHS-DQM01","NHS Number","Valid","3.1.1","Percentage","100"
"Apr-26","Performance","Provider","RDY","DORSET HEALTHCARE UNIVERSITY NHS FOUNDATION TRUST","MHS-DQM71","Start Time (Restrictive Intervention Incident)","Valid","3.71.1","Percentage","100"
"Apr-26","Performance","Provider","RDY","DORSET HEALTHCARE UNIVERSITY NHS FOUNDATION TRUST","MHS-DQM07","Mental Health Act Legal Status Classification Code","Invalid","3.7.4","Percentage","*"
"Apr-26","Performance","Provider","RDY","DORSET HEALTHCARE UNIVERSITY NHS FOUNDATION TRUST","MHS-DQM19","Primary Reason for Referral (Mental Health) (Referral received on or after 1st Jan 2016)","Missing","3.19.5","Percentage","32"
"Apr-26","Performance","Provider","RDY","DORSET HEALTHCARE UNIVERSITY NHS FOUNDATION TRUST","MHS-DQM52","Estimated discharge date","Invalid","3.52.4","Percentage","*"
"Apr-26","Performance","Provider","RDY","DORSET HEALTHCARE UNIVERSITY NHS FOUNDATION TRUST","MHS-DIM01","Referrals to CYP-MH services starting in RP","Integrity","7.1","Percentage","84"
"Apr-26","Performance","Provider","RDY","DORSET HEALTHCARE UNIVERSITY NHS FOUNDATION TRUST","MHS-DQM31","Mental Health Admitted Patient Classification Type","Invalid","3.31.4","Percentage","*"
"Apr-26","Performance","Provider","RDY","DORSET HEALTHCARE UNIVERSITY NHS FOUNDATION TRUST","MHS-DQM54","Specialised mental health service code - Contact","Valid","3.54.1","Percentage","100"
"Apr-26","Performance","Provider","RDY","DORSET HEALTHCARE UNIVERSITY NHS FOUNDATION TRUST","MHS-DIM07","Onward referral time (Midnight)","Integrity","7.7","Count","*"
"Apr-26","Performance","Provider","RDY","DORSET HEALTHCARE UNIVERSITY NHS FOUNDATION TRUST","MHS-DQM80","Locked Ward Indicator","Invalid","3.80.4","Count","*"
"Apr-26","Performance","Provider","RDY","DORSET HEALTHCARE UNIVERSITY NHS FOUNDATION TRUST","MHS-DQM35","Consultation Mechanism (Mental Health)","Missing","3.35.5","Count","*"
"Apr-26","Performance","Provider","RDY","DORSET HEALTHCARE UNIVERSITY NHS FOUNDATION TRUST","MHS-DQM73","Start Time (Restrictive Intervention Type)","Missing","3.73.5","Count","*"
"Apr-26","Performance","Provider","RDY","DORSET HEALTHCARE UNIVERSITY NHS FOUNDATION TRUST","MHS-DQM64","Accommodation Type","Invalid","3.64.4","Count","*"
"Apr-26","Performance","Provider","RDY","DORSET HEALTHCARE UNIVERSITY NHS FOUNDATION TRUST","MHS-DQM19","Primary Reason for Referral (Mental Health) (Referral received on or after 1st Jan 2016)","Missing","3.19.5","Count","8710"
"Apr-26","Performance","Provider","RDY","DORSET HEALTHCARE UNIVERSITY NHS FOUNDATION TRUST","MHS-DQM06","General Medical Practice Code (Patient Registration)","Invalid","3.6.4","Percentage","*"
"Apr-26","Performance","Provider","RDY","DORSET HEALTHCARE UNIVERSITY NHS FOUNDATION TRUST","MHS-DQM08","Treatment Function Code (Mental Health)","Missing","3.8.5","Percentage","*"
"Apr-26","Performance","Provider","RDY","DORSET HEALTHCARE UNIVERSITY NHS FOUNDATION TRUST","MHS-DQM48","Attended or did not attend","Invalid","3.48.4","Percentage","*"
"Apr-26","Performance","Provider","RDY","DORSET HEALTHCARE UNIVERSITY NHS FOUNDATION TRUST","MHS-DQM82","Gender Identity Same At Birth Indicator Code","Invalid","3.82.4","Count","*"
"Apr-26","Performance","Provider","RDY","DORSET HEALTHCARE UNIVERSITY NHS FOUNDATION TRUST","MHS-DQM20","Clinical Response Priority Type","Invalid","3.20.4","Count","*"
"Apr-26","Performance","Provider","RDY","DORSET HEALTHCARE UNIVERSITY NHS FOUNDATION TRUST","MHS-DQM05","Ethnic Category Code","Valid","3.5.1","Count","22330"
"Apr-26","Performance","Provider","RDY","DORSET HEALTHCARE UNIVERSITY NHS FOUNDATION TRUST","MHS-DQM77","Sex Of Patients Code (Mental Health)","Other","3.77.2","Count","135"
"Apr-26","Performance","Provider","RDY","DORSET HEALTHCARE UNIVERSITY NHS FOUNDATION TRUST","MHS-DQM33","Ex-British armed forces indicator","Default","3.33.3","Percentage","0"
"Apr-26","Performance","Provider","RDY","DORSET HEALTHCARE UNIVERSITY NHS FOUNDATION TRUST","MHS-DQM55","Specialised mental health service code - Ward Stay","Valid","3.55.1","Percentage","100"
"Apr-26","Performance","Provider","RDY","DORSET HEALTHCARE UNIVERSITY NHS FOUNDATION TRUST","MHS-DQM58","Organisation Identifier (code of specialised responsible commissioner) - Care Contact","Missing","3.58.5","Percentage","*"
"Apr-26","Performance","Provider","RDY","DORSET HEALTHCARE UNIVERSITY NHS FOUNDATION TRUST","MHS-DQM13","Organisation Identifier (Of Commissioner) - Contact","Valid","3.13.1","Percentage","100"
"Apr-26","Performance","Provider","RDY","DORSET HEALTHCARE UNIVERSITY NHS FOUNDATION TRUST","MHS-DQM58","Organisation Identifier (code of specialised responsible commissioner) - Care Contact","Invalid","3.58.4","Percentage","100"
"Apr-26","Performance","Provider","RDY","DORSET HEALTHCARE UNIVERSITY NHS FOUNDATION TRUST","MHS-DQM16","Organisation Identifier (Of Commissioner) - Hospital Provider Spell Commissioner","Other","3.16.2","Percentage","*"
"Apr-26","Performance","Provider","RDY","DORSET HEALTHCARE UNIVERSITY NHS FOUNDATION TRUST","MHS-DQM77","Sex Of Patients Code (Mental Health)","Valid","3.77.1","Count","125"
"Apr-26","Performance","Provider","RDY","DORSET HEALTHCARE UNIVERSITY NHS FOUNDATION TRUST","MHS-DQM37","Activity location type code","Missing","3.37.5","Count","*"
"Apr-26","Performance","Provider","RDY","DORSET HEALTHCARE UNIVERSITY NHS FOUNDATION TRUST","MHS-DQM67","Decided to Admit Date","Valid","3.67.1","Count","*"
"Apr-26","Performance","Provider","RDY","DORSET HEALTHCARE UNIVERSITY NHS FOUNDATION TRUST","MHS-DIM15","Service discharge time (Midnight)","Integrity","7.15","Percentage","1"
"Apr-26","Performance","Provider","RDY","DORSET HEALTHCARE UNIVERSITY NHS FOUNDATION TRUST","MHS-DQM13","Organisation Identifier (Of Commissioner) - Contact","Other","3.13.2","Percentage","*"
"Apr-26","Performance","Provider","RDY","DORSET HEALTHCARE UNIVERSITY NHS FOUNDATION TRUST","MHS-DQM18","Service Or Team Type Referred To (Mental Health)","Invalid","3.18.4","Percentage","0"
"Apr-26","Performance","Provider","RDY","DORSET HEALTHCARE UNIVERSITY NHS FOUNDATION TRUST","MHS-DQM78","Intended Clinical Care Intensity Code (Mental Health)","Invalid","3.78.4","Percentage","*"
"Apr-26","Performance","Provider","RDY","DORSET HEALTHCARE UNIVERSITY NHS FOUNDATION TRUST","MHS-DQM47","Secondary Diagnosis date","Valid","3.47.1","Count","1620"
"Apr-26","Performance","Provider","RDY","DORSET HEALTHCARE UNIVERSITY NHS FOUNDATION TRUST","MHS-DQM82","Gender Identity Same At Birth Indicator Code","Missing","3.82.5","Percentage","*"
"Apr-26","Performance","Provider","RDY","DORSET HEALTHCARE UNIVERSITY NHS FOUNDATION TRUST","MHS-DQM14","Organisation Identifier (Of Commissioner) - Indirect Activity","Missing","3.14.5","Percentage","*"
"Apr-26","Performance","Provider","RDY","DORSET HEALTHCARE UNIVERSITY NHS FOUNDATION TRUST","MHS-DQM39","Clinically Ready for Discharge Period attributable to","Valid","3.39.1","Percentage","87"
"Apr-26","Performance","Provider","RDY","DORSET HEALTHCARE UNIVERSITY NHS FOUNDATION TRUST","MHS-DQM72","Restrictive Intervention Reason","Default","3.72.3","Percentage","*"
"Apr-26","Performance","Provider","RDY","DORSET HEALTHCARE UNIVERSITY NHS FOUNDATION TRUST","MHS-DQM66","Disibility Code","Valid","3.66.1","Percentage","90"
"Apr-26","Performance","Provider","RDY","DORSET HEALTHCARE UNIVERSITY NHS FOUNDATION TRUST","MHS-DQM76","Intended Age Group (Mental Health)","Other","3.76.2","Percentage","*"
"Apr-26","Performance","Provider","RDY","DORSET HEALTHCARE UNIVERSITY NHS FOUNDATION TRUST","MHS-DQM64","Accommodation Type","Other","3.64.2","Percentage","2"
"Apr-26","Performance","Provider","RDY","DORSET HEALTHCARE UNIVERSITY NHS FOUNDATION TRUST","MHS-DQM72","Restrictive Intervention Reason","Missing","3.72.5","Percentage","*"
"Apr-26","Performance","Provider","RDY","DORSET HEALTHCARE UNIVERSITY NHS FOUNDATION TRUST","MHS-DQM59","Organisation Identifier (code of specialised responsible commissioner) - Indirect Activity","Missing","3.59.5","Percentage","*"
"Apr-26","Performance","Provider","RDY","DORSET HEALTHCARE UNIVERSITY NHS FOUNDATION TRUST","MHS-DQM59","Organisation Identifier (code of specialised responsible commissioner) - Indirect Activity","Valid","3.59.1","Percentage","*"
"Apr-26","Performance","Provider","RDY","DORSET HEALTHCARE UNIVERSITY NHS FOUNDATION TRUST","MHS-DQM48","Attended or did not attend","Valid","3.48.1","Percentage","87"
"Apr-26","Performance","Provider","RDY","DORSET HEALTHCARE UNIVERSITY NHS FOUNDATION TRUST","MHS-DQM81","Gender Identity Code","Other","3.81.2","Count","*"
"Apr-26","Performance","Provider","RDY","DORSET HEALTHCARE UNIVERSITY NHS FOUNDATION TRUST","MHS-DQM14","Organisation Identifier (Of Commissioner) - Indirect Activity","Default","3.14.3","Count","*"
"Apr-26","Performance","Provider","RDY","DORSET HEALTHCARE UNIVERSITY NHS FOUNDATION TRUST","MHS-DQM38","Clinically ready for discharge delay reason","Missing","3.38.5","Count","5"
"Apr-26","Performance","Provider","RDY","DORSET HEALTHCARE UNIVERSITY NHS FOUNDATION TRUST","MHS-DQM14","Organisation Identifier (Of Commissioner) - Indirect Activity","Valid","3.14.1","Count","1620"
"Apr-26","Performance","Provider","RDY","DORSET HEALTHCARE UNIVERSITY NHS FOUNDATION TRUST","MHS-DQM06","General Medical Practice Code (Patient Registration)","Invalid","3.6.4","Count","*"
"Apr-26","Performance","Provider","RDY","DORSET HEALTHCARE UNIVERSITY NHS FOUNDATION TRUST","MHS-DQM04","Person Stated Gender Code","Valid","3.4.1","Count","23855"
"Apr-26","Performance","Provider","RDY","DORSET HEALTHCARE UNIVERSITY NHS FOUNDATION TRUST","MHS-DQM61","Organisation Identifier (code of specialised responsible commissioner) - Hospital Provider Spell Commissioner Assignment Period","Valid","3.61.1","Count","30"
"Apr-26","Performance","Provider","RDY","DORSET HEALTHCARE UNIVERSITY NHS FOUNDATION TRUST","MHS-DQM64","Accommodation Type","Valid","3.64.1","Count","7890"
"Apr-26","Performance","Provider","RDY","DORSET HEALTHCARE UNIVERSITY NHS FOUNDATION TRUST","MHS-DQM47","Secondary Diagnosis date","Invalid","3.47.4","Percentage","18"
"Apr-26","Performance","Provider","RDY","DORSET HEALTHCARE UNIVERSITY NHS FOUNDATION TRUST","MHS-DQM18","Service Or Team Type Referred To (Mental Health)","Valid","3.18.1","Percentage","99"
"Apr-26","Performance","Provider","RDY","DORSET HEALTHCARE UNIVERSITY NHS FOUNDATION TRUST","MHS-DQM81","Gender Identity Code","Valid","3.81.1","Percentage","*"
"Apr-26","Performance","Provider","RDY","DORSET HEALTHCARE UNIVERSITY NHS FOUNDATION TRUST","MHS-DQM04","Person Stated Gender Code","Invalid","3.4.4","Percentage","*"
"Apr-26","Performance","Provider","RDY","DORSET HEALTHCARE UNIVERSITY NHS FOUNDATION TRUST","MHS-DQM39","Clinically Ready for Discharge Period attributable to","Invalid","3.39.4","Count","*"
"Apr-26","Performance","Provider","RDY","DORSET HEALTHCARE UNIVERSITY NHS FOUNDATION TRUST","MHS-DQM35","Consultation Mechanism (Mental Health)","Valid","3.35.1","Count","21285"
"Apr-26","Performance","Provider","RDY","DORSET HEALTHCARE UNIVERSITY NHS FOUNDATION TRUST","MHS-DQM14","Organisation Identifier (Of Commissioner) - Indirect Activity","Missing","3.14.5","Count","*"
"Apr-26","Performance","Provider","RDY","DORSET HEALTHCARE UNIVERSITY NHS FOUNDATION TRUST","MHS-DQM79","Ward Security Level","Missing","3.79.5","Count","*"
"Apr-26","Performance","Provider","RDY","DORSET HEALTHCARE UNIVERSITY NHS FOUNDATION TRUST","MHS-DQM59","Organisation Identifier (code of specialised responsible commissioner) - Indirect Activity","Valid","3.59.1","Count","*"
"Apr-26","Performance","Provider","RDY","DORSET HEALTHCARE UNIVERSITY NHS FOUNDATION TRUST","MHS-DQM10","Primary Reason for Referral (Mental Health)","Invalid","3.10.4","Percentage","*"
"Apr-26","Performance","Provider","RDY","DORSET HEALTHCARE UNIVERSITY NHS FOUNDATION TRUST","MHS-DQM55","Specialised mental health service code - Ward Stay","Invalid","3.55.4","Percentage","*"
"Apr-26","Performance","Provider","RDY","DORSET HEALTHCARE UNIVERSITY NHS FOUNDATION TRUST","MHS-DQM54","Specialised mental health service code - Contact","Invalid","3.54.4","Percentage","*"
"Apr-26","Performance","Provider","RDY","DORSET HEALTHCARE UNIVERSITY NHS FOUNDATION TRUST","MHS-DQM19","Primary Reason for Referral (Mental Health) (Referral received on or after 1st Jan 2016)","Invalid","3.19.4","Percentage","*"
"Apr-26","Performance","Provider","RDY","DORSET HEALTHCARE UNIVERSITY NHS FOUNDATION TRUST","MHS-DQM07","Mental Health Act Legal Status Classification Code","Missing","3.7.5","Percentage","*"
"Apr-26","Performance","Provider","RDY","DORSET HEALTHCARE UNIVERSITY NHS FOUNDATION TRUST","MHS-DQM13","Organisation Identifier (Of Commissioner) - Contact","Missing","3.13.5","Count","*"
"Apr-26","Performance","Provider","RDY","DORSET HEALTHCARE UNIVERSITY NHS FOUNDATION TRUST","MHS-DQM54","Specialised mental health service code - Contact","Valid","3.54.1","Count","65"
"Apr-26","Performance","Provider","RDY","DORSET HEALTHCARE UNIVERSITY NHS FOUNDATION TRUST","MHS-DQM52","Estimated discharge date","Missing","3.52.5","Count","*"
"Apr-26","Performance","Provider","RDY","DORSET HEALTHCARE UNIVERSITY NHS FOUNDATION TRUST","MHS-DQM81","Gender Identity Code","Valid","3.81.1","Count","*"
"Apr-26","Performance","Provider","RDY","DORSET HEALTHCARE UNIVERSITY NHS FOUNDATION TRUST","MHS-DQM69","Admission Source (Mental Health Provider Spell)","Invalid","3.69.4","Count","*"
"Apr-26","Performance","Provider","RDY","DORSET HEALTHCARE UNIVERSITY NHS FOUNDATION TRUST","MHS-DQM03","Person Birth Date","Missing","3.3.5","Count","*"
"Apr-26","Performance","Provider","RDY","DORSET HEALTHCARE UNIVERSITY NHS FOUNDATION TRUST","MHS-DIM03","Coded Procedure (SNOMED Stop Clock for ED)","Integrity","7.3","Count","55"
"Apr-26","Performance","Provider","RDY","DORSET HEALTHCARE UNIVERSITY NHS FOUNDATION TRUST","MHS-DQM70","Destination Of Discharge (Hospital Provider Spell)","Missing","3.70.5","Percentage","100"
"Apr-26","Performance","Provider","RDY","DORSET HEALTHCARE UNIVERSITY NHS FOUNDATION TRUST","MHS-DQM51","Referral closure reason","Valid","3.51.1","Percentage","97"
"Apr-26","Performance","Provider","RDY","DORSET HEALTHCARE UNIVERSITY NHS FOUNDATION TRUST","MHS-DQM32","Referred out of area reason (adult acute mental health)","Default","3.32.3","Percentage","*"
"Apr-26","Performance","Provider","RDY","DORSET HEALTHCARE UNIVERSITY NHS FOUNDATION TRUST","MHS-DQM78","Intended Clinical Care Intensity Code (Mental Health)","Missing","3.78.5","Percentage","*"
"Apr-26","Performance","Provider","RDY","DORSET HEALTHCARE UNIVERSITY NHS FOUNDATION TRUST","MHS-DQM38","Clinically ready for discharge delay reason","Invalid","3.38.4","Percentage","*"
"Apr-26","Performance","Provider","RDY","DORSET HEALTHCARE UNIVERSITY NHS FOUNDATION TRUST","MHS-DQM72","Restrictive Intervention Reason","Other","3.72.2","Count","*"
"Apr-26","Performance","Provider","RDY","DORSET HEALTHCARE UNIVERSITY NHS FOUNDATION TRUST","MHS-DQM09","Organisation Site Identifier (Of Treatment)","Valid","3.9.1","Count","260"
"Apr-26","Performance","Provider","RDY","DORSET HEALTHCARE UNIVERSITY NHS FOUNDATION TRUST","MHS-DQM76","Intended Age Group (Mental Health)","Invalid","3.76.4","Count","*"
"Apr-26","Performance","Provider","RDY","DORSET HEALTHCARE UNIVERSITY NHS FOUNDATION TRUST","MHS-DIM15","Service discharge time (Midnight)","Integrity","7.15","Count","30"
"Apr-26","Performance","Provider","RDY","DORSET HEALTHCARE UNIVERSITY NHS FOUNDATION TRUST","MHS-DQM69","Admission Source (Mental Health Provider Spell)","Valid","3.69.1","Count","*"
"Apr-26","Performance","Provider","RDY","DORSET HEALTHCARE UNIVERSITY NHS FOUNDATION TRUST","MHS-DQM39","Clinically Ready for Discharge Period attributable to","Invalid","3.39.4","Percentage","*"
"Apr-26","Performance","Provider","RDY","DORSET HEALTHCARE UNIVERSITY NHS FOUNDATION TRUST","MHS-DQM35","Consultation Mechanism (Mental Health)","Valid","3.35.1","Percentage","68"
"Apr-26","Performance","Provider","RDY","DORSET HEALTHCARE UNIVERSITY NHS FOUNDATION TRUST","MHS-DQM05","Ethnic Category Code","Valid","3.5.1","Percentage","94"
"Apr-26","Performance","Provider","RDY","DORSET HEALTHCARE UNIVERSITY NHS FOUNDATION TRUST","MHS-DQM09","Organisation Site Identifier (Of Treatment)","Missing","3.9.5","Percentage","*"
"Apr-26","Performance","Provider","RDY","DORSET HEALTHCARE UNIVERSITY NHS FOUNDATION TRUST","MHS-DQM78","Intended Clinical Care Intensity Code (Mental Health)","Valid","3.78.1","Percentage","100"
"Apr-26","Performance","Provider","RDY","DORSET HEALTHCARE UNIVERSITY NHS FOUNDATION TRUST","MHS-DQM16","Organisation Identifier (Of Commissioner) - Hospital Provider Spell Commissioner","Default","3.16.3","Percentage","*"
"Apr-26","Performance","Provider","RDY","DORSET HEALTHCARE UNIVERSITY NHS FOUNDATION TRUST","MHS-DQM81","Gender Identity Code","Missing","3.81.5","Percentage","100"
"Apr-26","Performance","Provider","RDY","DORSET HEALTHCARE UNIVERSITY NHS FOUNDATION TRUST","MHS-DQM14","Organisation Identifier (Of Commissioner) - Indirect Activity","Other","3.14.2","Count","*"
"Apr-26","Performance","Provider","RDY","DORSET HEALTHCARE UNIVERSITY NHS FOUNDATION TRUST","MHS-DQM02","Postcode Of Usual Address","Default","3.2.3","Count","4775"
"Apr-26","Performance","Provider","RDY","DORSET HEALTHCARE UNIVERSITY NHS FOUNDATION TRUST","MHS-DQM57","Organisation Identifier (code of specialised responsible commissioner) - Referral","Invalid","3.57.4","Count","28140"
"Apr-26","Performance","Provider","RDY","DORSET HEALTHCARE UNIVERSITY NHS FOUNDATION TRUST","MHS-DQM54","Specialised mental health service code - Contact","Invalid","3.54.4","Count","*"
"Apr-26","Performance","Provider","RDY","DORSET HEALTHCARE UNIVERSITY NHS FOUNDATION TRUST","MHS-DQM10","Primary Reason for Referral (Mental Health)","Missing","3.10.5","Count","9570"
"Apr-26","Performance","Provider","RDY","DORSET HEALTHCARE UNIVERSITY NHS FOUNDATION TRUST","MHS-DQM42","Care plan type","Invalid","3.42.4","Count","*"
"Apr-26","Performance","Provider","RDY","DORSET HEALTHCARE UNIVERSITY NHS FOUNDATION TRUST","MHS-DQM81","Gender Identity Code","Invalid","3.81.4","Count","*"
"Apr-26","Performance","Provider","RDY","DORSET HEALTHCARE UNIVERSITY NHS FOUNDATION TRUST","MHS-DQM58","Organisation Identifier (code of specialised responsible commissioner) - Care Contact","Valid","3.58.1","Count","65"
"Apr-26","Performance","Provider","RDY","DORSET HEALTHCARE UNIVERSITY NHS FOUNDATION TRUST","MHS-DQM58","Organisation Identifier (code of specialised responsible commissioner) - Care Contact","Valid","3.58.1","Percentage","0"
"Apr-26","Performance","Provider","RDY","DORSET HEALTHCARE UNIVERSITY NHS FOUNDATION TRUST","MHS-DQM09","Organisation Site Identifier (Of Treatment)","Invalid","3.9.4","Percentage","*"
"Apr-26","Performance","Provider","RDY","DORSET HEALTHCARE UNIVERSITY NHS FOUNDATION TRUST","MHS-DQM77","Sex Of Patients Code (Mental Health)","Valid","3.77.1","Percentage","48"
"Apr-26","Performance","Provider","RDY","DORSET HEALTHCARE UNIVERSITY NHS FOUNDATION TRUST","MHS-DQM07","Mental Health Act Legal Status Classification Code","Valid","3.7.1","Count","410"
"Apr-26","Performance","Provider","RDY","DORSET HEALTHCARE UNIVERSITY NHS FOUNDATION TRUST","MHS-DQM33","Ex-British armed forces indicator","Valid","3.33.1","Count","1670"
"Apr-26","Performance","Provider","RDY","DORSET HEALTHCARE UNIVERSITY NHS FOUNDATION TRUST","MHS-DQM01","NHS Number","Missing","3.1.5","Count","15"
"Apr-26","Performance","Provider","RDY","DORSET HEALTHCARE UNIVERSITY NHS FOUNDATION TRUST","MHS-DQM02","Postcode Of Usual Address","Valid","3.2.1","Percentage","80"
"Apr-26","Performance","Provider","RDY","DORSET HEALTHCARE UNIVERSITY NHS FOUNDATION TRUST","MHS-DQM72","Restrictive Intervention Reason","Other","3.72.2","Percentage","*"
"Apr-26","Performance","Provider","RDY","DORSET HEALTHCARE UNIVERSITY NHS FOUNDATION TRUST","MHS-DQM51","Referral closure reason","Invalid","3.51.4","Percentage","*"
"Apr-26","Performance","Provider","RDY","DORSET HEALTHCARE UNIVERSITY NHS FOUNDATION TRUST","MHS-DQM02","Postcode Of Usual Address","Default","3.2.3","Percentage","20"
"Apr-26","Performance","Provider","RDY","DORSET HEALTHCARE UNIVERSITY NHS FOUNDATION TRUST","MHS-DQM57","Organisation Identifier (code of specialised responsible commissioner) - Referral","Default","3.57.3","Percentage","*"
"Apr-26","Performance","Provider","RDY","DORSET HEALTHCARE UNIVERSITY NHS FOUNDATION TRUST","MHS-DQM47","Secondary Diagnosis date","Valid","3.47.1","Percentage","82"
"Apr-26","Performance","Provider","RDY","DORSET HEALTHCARE UNIVERSITY NHS FOUNDATION TRUST","MHS-DQM35","Consultation Mechanism (Mental Health)","Invalid","3.35.4","Count","*"
"Apr-26","Performance","Provider","RDY","DORSET HEALTHCARE UNIVERSITY NHS FOUNDATION TRUST","MHS-DQM51","Referral closure reason","Valid","3.51.1","Count","2970"
"Apr-26","Performance","Provider","RDY","DORSET HEALTHCARE UNIVERSITY NHS FOUNDATION TRUST","MHS-DQM08","Treatment Function Code (Mental Health)","Missing","3.8.5","Count","*"
"Apr-26","Performance","Provider","RDY","DORSET HEALTHCARE UNIVERSITY NHS FOUNDATION TRUST","MHS-DQM77","Sex Of Patients Code (Mental Health)","Invalid","3.77.4","Count","*"
"Apr-26","Performance","Provider","RDY","DORSET HEALTHCARE UNIVERSITY NHS FOUNDATION TRUST","MHS-DIM04","Care contact time (Hour)","Integrity","7.4","Count","16905"
"Apr-26","Performance","Provider","RDY","DORSET HEALTHCARE UNIVERSITY NHS FOUNDATION TRUST","MHS-DQM66","Disibility Code","Missing","3.66.5","Count","*"
"Apr-26","Performance","Provider","RDY","DORSET HEALTHCARE UNIVERSITY NHS FOUNDATION TRUST","MHS-DQM81","Gender Identity Code","Default","3.81.3","Count","*"
"Apr-26","Performance","Provider","RDY","DORSET HEALTHCARE UNIVERSITY NHS FOUNDATION TRUST","MHS-DQM53","Specialised mental health service code - Referral","Valid","3.53.1","Count","80"
"Apr-26","Performance","Provider","RDY","DORSET HEALTHCARE UNIVERSITY NHS FOUNDATION TRUST","MHS-DQM05","Ethnic Category Code","Invalid","3.5.4","Percentage","*"
"Apr-26","Performance","Provider","RDY","DORSET HEALTHCARE UNIVERSITY NHS FOUNDATION TRUST","MHS-DQM03","Person Birth Date","Invalid","3.3.4","Percentage","*"
"Apr-26","Performance","Provider","RDY","DORSET HEALTHCARE UNIVERSITY NHS FOUNDATION TRUST","MHS-DQM13","Organisation Identifier (Of Commissioner) - Contact","Missing","3.13.5","Percentage","*"
"Apr-26","Performance","Provider","RDY","DORSET HEALTHCARE UNIVERSITY NHS FOUNDATION TRUST","MHS-DQM47","Secondary Diagnosis date","Invalid","3.47.4","Count","355"
"Apr-26","Performance","Provider","RDY","DORSET HEALTHCARE UNIVERSITY NHS FOUNDATION TRUST","MHS-DQM18","Service Or Team Type Referred To (Mental Health)","Valid","3.18.1","Count","27750"
"Apr-26","Performance","Provider","RDY","DORSET HEALTHCARE UNIVERSITY NHS FOUNDATION TRUST","MHS-DQM65","Employment Status","Valid","3.65.1","Count","8230"
"Apr-26","Performance","Provider","RDY","DORSET HEALTHCARE UNIVERSITY NHS FOUNDATION TRUST","MHS-DQM37","Activity location type code","Invalid","3.37.4","Count","*"
"Apr-26","Performance","Provider","RDY","DORSET HEALTHCARE UNIVERSITY NHS FOUNDATION TRUST","MHS-DQM81","Gender Identity Code","Other","3.81.2","Percentage","*"
"Apr-26","Performance","Provider","RDY","DORSET HEALTHCARE UNIVERSITY NHS FOUNDATION TRUST","MHS-DIM04","Care contact time (Hour)","Integrity","7.4","Percentage","54"
"Apr-26","Performance","Provider","RDY","DORSET HEALTHCARE UNIVERSITY NHS FOUNDATION TRUST","MHS-DQM61","Organisation Identifier (code of specialised responsible commissioner) - Hospital Provider Spell Commissioner Assignment Period","Valid","3.61.1","Percentage","82"
"Apr-26","Performance","Provider","RDY","DORSET HEALTHCARE UNIVERSITY NHS FOUNDATION TRUST","MHS-DIM02","Referrals to Eating Disorder services starting in RP","Integrity","7.2","Percentage","4"
"Apr-26","Performance","Provider","RDY","DORSET HEALTHCARE UNIVERSITY NHS FOUNDATION TRUST","MHS-DQM35","Consultation Mechanism (Mental Health)","Invalid","3.35.4","Percentage","*"
"Apr-26","Performance","Provider","RDY","DORSET HEALTHCARE UNIVERSITY NHS FOUNDATION TRUST","MHS-DQM75","Ward Setting Type (Mental Health)","Valid","3.75.1","Percentage","100"
"Apr-26","Performance","Provider","RDY","DORSET HEALTHCARE UNIVERSITY NHS FOUNDATION TRUST","MHS-DQM53","Specialised mental health service code - Referral","Invalid","3.53.4","Percentage","*"
